open,Close,high,low,volume,time
1.394,1.398,1.399,1.393,1361.00,2023-03-30 23:30:00+00:00
1.390,1.394,1.395,1.386,10987.00,2023-03-30 23:00:00+00:00
1.398,1.391,1.403,1.389,4690.00,2023-03-30 22:30:00+00:00
1.395,1.399,1.400,1.394,2231.00,2023-03-30 22:00:00+00:00
1.397,1.395,1.399,1.392,4078.00,2023-03-30 21:30:00+00:00
1.402,1.398,1.405,1.396,9187.00,2023-03-30 21:00:00+00:00
1.394,1.401,1.405,1.394,18709.00,2023-03-30 20:30:00+00:00
1.390,1.395,1.396,1.389,9888.00,2023-03-30 20:00:00+00:00
1.396,1.390,1.397,1.388,13348.00,2023-03-30 19:30:00+00:00
1.385,1.395,1.395,1.384,23636.00,2023-03-30 19:00:00+00:00
1.380,1.387,1.387,1.380,4979.00,2023-03-30 18:30:00+00:00
1.378,1.382,1.383,1.375,10471.00,2023-03-30 18:00:00+00:00
1.391,1.378,1.391,1.370,247875.00,2023-03-30 17:30:00+00:00
1.396,1.391,1.401,1.390,202748.00,2023-03-30 17:00:00+00:00
1.397,1.396,1.400,1.392,191915.00,2023-03-30 16:30:00+00:00
1.400,1.395,1.401,1.385,349133.00,2023-03-30 16:00:00+00:00
1.401,1.400,1.403,1.397,116544.00,2023-03-30 15:30:00+00:00
1.405,1.401,1.410,1.398,237505.00,2023-03-30 15:00:00+00:00
1.405,1.405,1.410,1.400,324054.00,2023-03-30 14:30:00+00:00
1.410,1.405,1.411,1.400,349807.00,2023-03-30 14:00:00+00:00
1.417,1.410,1.418,1.407,65805.00,2023-03-30 13:30:00+00:00
1.418,1.416,1.419,1.414,16736.00,2023-03-30 13:00:00+00:00
1.412,1.417,1.418,1.411,24064.00,2023-03-30 12:30:00+00:00
1.415,1.412,1.417,1.408,5877.00,2023-03-30 12:00:00+00:00
1.415,1.415,1.417,1.414,3313.00,2023-03-30 11:30:00+00:00
1.414,1.415,1.416,1.411,1638.00,2023-03-30 11:00:00+00:00
1.410,1.413,1.413,1.407,2886.00,2023-03-30 10:30:00+00:00
1.409,1.411,1.414,1.406,3658.00,2023-03-30 10:00:00+00:00
1.409,1.410,1.411,1.406,5442.00,2023-03-30 09:30:00+00:00
1.410,1.409,1.416,1.403,15426.00,2023-03-30 09:00:00+00:00
1.418,1.412,1.419,1.410,2777.00,2023-03-30 08:30:00+00:00
1.422,1.417,1.422,1.415,4574.00,2023-03-30 08:00:00+00:00
1.417,1.421,1.425,1.415,4619.00,2023-03-30 07:30:00+00:00
1.417,1.418,1.421,1.414,4123.00,2023-03-30 07:00:00+00:00
1.419,1.417,1.421,1.415,6101.00,2023-03-30 06:30:00+00:00
1.422,1.418,1.425,1.414,6314.00,2023-03-30 06:00:00+00:00
1.413,1.421,1.424,1.412,6991.00,2023-03-30 05:30:00+00:00
1.422,1.414,1.424,1.413,5026.00,2023-03-30 05:00:00+00:00
1.421,1.422,1.425,1.418,4239.00,2023-03-30 04:30:00+00:00
1.416,1.423,1.424,1.412,3819.00,2023-03-30 04:00:00+00:00
1.411,1.416,1.421,1.408,8260.00,2023-03-30 03:30:00+00:00
1.442,1.411,1.444,1.397,87644.00,2023-03-30 03:00:00+00:00
1.431,1.442,1.449,1.431,30550.00,2023-03-30 02:30:00+00:00
1.412,1.433,1.435,1.411,20390.00,2023-03-30 02:00:00+00:00
1.415,1.412,1.417,1.409,3418.00,2023-03-30 01:30:00+00:00
1.412,1.415,1.417,1.405,6344.00,2023-03-30 01:00:00+00:00
1.421,1.411,1.425,1.401,14452.00,2023-03-30 00:30:00+00:00
1.419,1.423,1.425,1.414,4906.00,2023-03-30 00:00:00+00:00
1.422,1.419,1.423,1.417,2669.00,2023-03-29 23:30:00+00:00
1.419,1.422,1.423,1.418,3256.00,2023-03-29 23:00:00+00:00
1.418,1.419,1.421,1.414,3472.00,2023-03-29 22:30:00+00:00
1.417,1.417,1.422,1.408,12387.00,2023-03-29 22:00:00+00:00
1.425,1.419,1.428,1.419,2804.00,2023-03-29 21:30:00+00:00
1.425,1.426,1.429,1.421,6202.00,2023-03-29 21:00:00+00:00
1.424,1.426,1.428,1.421,6981.00,2023-03-29 20:30:00+00:00
1.426,1.425,1.428,1.419,17034.00,2023-03-29 20:00:00+00:00
1.410,1.425,1.429,1.410,33531.00,2023-03-29 19:30:00+00:00
1.411,1.410,1.413,1.409,7358.00,2023-03-29 19:00:00+00:00
1.408,1.411,1.412,1.405,5301.00,2023-03-29 18:30:00+00:00
1.406,1.407,1.410,1.401,6004.00,2023-03-29 18:00:00+00:00
1.409,1.405,1.411,1.403,8200.00,2023-03-29 17:30:00+00:00
1.397,1.409,1.412,1.395,10404.00,2023-03-29 17:00:00+00:00
1.404,1.397,1.405,1.395,3353.00,2023-03-29 16:30:00+00:00
1.406,1.404,1.407,1.399,6109.00,2023-03-29 16:00:00+00:00
1.401,1.407,1.409,1.401,8037.00,2023-03-29 15:30:00+00:00
1.396,1.402,1.403,1.392,8874.00,2023-03-29 15:00:00+00:00
1.405,1.395,1.409,1.391,45705.00,2023-03-29 14:30:00+00:00
1.409,1.405,1.421,1.400,21348.00,2023-03-29 14:00:00+00:00
1.406,1.409,1.413,1.404,9283.00,2023-03-29 13:30:00+00:00
1.408,1.406,1.417,1.402,27202.00,2023-03-29 13:00:00+00:00
1.403,1.407,1.410,1.397,12796.00,2023-03-29 12:30:00+00:00
1.404,1.403,1.406,1.395,8354.00,2023-03-29 12:00:00+00:00
1.399,1.404,1.407,1.396,8801.00,2023-03-29 11:30:00+00:00
1.395,1.399,1.402,1.389,5225.00,2023-03-29 11:00:00+00:00
1.398,1.394,1.400,1.392,6769.00,2023-03-29 10:30:00+00:00
1.393,1.399,1.400,1.391,5912.00,2023-03-29 10:00:00+00:00
1.399,1.393,1.401,1.392,4651.00,2023-03-29 09:30:00+00:00
1.402,1.400,1.405,1.399,8889.00,2023-03-29 09:00:00+00:00
1.398,1.402,1.405,1.395,11664.00,2023-03-29 08:30:00+00:00
1.384,1.397,1.400,1.381,21876.00,2023-03-29 08:00:00+00:00
1.383,1.383,1.387,1.381,5219.00,2023-03-29 07:30:00+00:00
1.383,1.382,1.386,1.374,9774.00,2023-03-29 07:00:00+00:00
1.374,1.382,1.385,1.373,50041.00,2023-03-29 06:30:00+00:00
1.361,1.374,1.380,1.359,26419.00,2023-03-29 06:00:00+00:00
1.364,1.362,1.364,1.359,5967.00,2023-03-29 05:30:00+00:00
1.361,1.363,1.366,1.360,5249.00,2023-03-29 05:00:00+00:00
1.354,1.361,1.363,1.353,6998.00,2023-03-29 04:30:00+00:00
1.348,1.354,1.355,1.348,900.00,2023-03-29 04:00:00+00:00
1.348,1.348,1.350,1.346,1562.00,2023-03-29 03:30:00+00:00
1.351,1.347,1.352,1.347,3623.00,2023-03-29 03:00:00+00:00
1.351,1.352,1.353,1.349,1181.00,2023-03-29 02:30:00+00:00
1.348,1.352,1.352,1.347,1487.00,2023-03-29 02:00:00+00:00
1.351,1.350,1.353,1.345,1479.00,2023-03-29 01:30:00+00:00
1.343,1.351,1.356,1.343,4851.00,2023-03-29 01:00:00+00:00
1.345,1.342,1.346,1.340,1653.00,2023-03-29 00:30:00+00:00
1.340,1.344,1.347,1.340,3545.00,2023-03-29 00:00:00+00:00
1.342,1.339,1.344,1.339,7004.00,2023-03-28 23:30:00+00:00
1.337,1.342,1.343,1.335,2534.00,2023-03-28 23:00:00+00:00
1.337,1.335,1.338,1.332,3767.00,2023-03-28 22:30:00+00:00
1.334,1.336,1.339,1.330,4558.00,2023-03-28 22:00:00+00:00
1.337,1.333,1.339,1.330,2678.00,2023-03-28 21:30:00+00:00
1.340,1.338,1.342,1.335,1638.00,2023-03-28 21:00:00+00:00
1.342,1.340,1.344,1.336,10443.00,2023-03-28 20:30:00+00:00
1.347,1.342,1.350,1.340,4852.00,2023-03-28 20:00:00+00:00
1.340,1.347,1.355,1.338,10181.00,2023-03-28 19:30:00+00:00
1.340,1.340,1.344,1.334,13000.00,2023-03-28 19:00:00+00:00
1.314,1.340,1.341,1.313,30290.00,2023-03-28 18:30:00+00:00
1.312,1.315,1.315,1.311,3643.00,2023-03-28 18:00:00+00:00
1.316,1.312,1.316,1.309,3131.00,2023-03-28 17:30:00+00:00
1.314,1.317,1.317,1.307,6945.00,2023-03-28 17:00:00+00:00
1.316,1.314,1.319,1.312,4610.00,2023-03-28 16:30:00+00:00
1.320,1.316,1.324,1.312,4000.00,2023-03-28 16:00:00+00:00
1.318,1.319,1.327,1.315,8754.00,2023-03-28 15:30:00+00:00
1.319,1.317,1.323,1.315,3907.00,2023-03-28 15:00:00+00:00
1.322,1.319,1.324,1.315,2916.00,2023-03-28 14:30:00+00:00
1.316,1.321,1.324,1.314,5119.00,2023-03-28 14:00:00+00:00
1.314,1.315,1.323,1.311,4551.00,2023-03-28 13:30:00+00:00
1.318,1.314,1.319,1.311,7312.00,2023-03-28 13:00:00+00:00
1.312,1.318,1.321,1.311,4462.00,2023-03-28 12:30:00+00:00
1.324,1.312,1.329,1.310,11755.00,2023-03-28 12:00:00+00:00
1.316,1.324,1.327,1.315,6075.00,2023-03-28 11:30:00+00:00
1.308,1.316,1.319,1.307,5557.00,2023-03-28 11:00:00+00:00
1.309,1.308,1.310,1.302,6791.00,2023-03-28 10:30:00+00:00
1.310,1.311,1.314,1.308,3797.00,2023-03-28 10:00:00+00:00
1.316,1.311,1.316,1.308,3657.00,2023-03-28 09:30:00+00:00
1.315,1.315,1.320,1.313,3297.00,2023-03-28 09:00:00+00:00
1.317,1.317,1.319,1.315,2241.00,2023-03-28 08:30:00+00:00
1.307,1.317,1.321,1.304,10275.00,2023-03-28 08:00:00+00:00
1.313,1.305,1.317,1.305,4500.00,2023-03-28 07:30:00+00:00
1.315,1.315,1.319,1.310,7210.00,2023-03-28 07:00:00+00:00
1.323,1.316,1.324,1.315,7925.00,2023-03-28 06:30:00+00:00
1.305,1.323,1.325,1.305,13170.00,2023-03-28 06:00:00+00:00
1.299,1.305,1.306,1.293,18116.00,2023-03-28 05:30:00+00:00
1.309,1.299,1.311,1.299,27283.00,2023-03-28 05:00:00+00:00
1.309,1.308,1.310,1.291,36170.00,2023-03-28 04:30:00+00:00
1.313,1.307,1.316,1.306,13695.00,2023-03-28 04:00:00+00:00
1.314,1.313,1.316,1.311,4474.00,2023-03-28 03:30:00+00:00
1.326,1.314,1.328,1.313,3422.00,2023-03-28 03:00:00+00:00
1.328,1.327,1.330,1.322,6909.00,2023-03-28 02:30:00+00:00
1.332,1.328,1.336,1.325,2861.00,2023-03-28 02:00:00+00:00
1.328,1.332,1.343,1.327,5103.00,2023-03-28 01:30:00+00:00
1.322,1.327,1.331,1.316,4679.00,2023-03-28 01:00:00+00:00
1.332,1.322,1.332,1.321,3491.00,2023-03-28 00:30:00+00:00
1.332,1.331,1.338,1.327,6210.00,2023-03-28 00:00:00+00:00
1.331,1.333,1.335,1.331,862.00,2023-03-27 23:30:00+00:00
1.330,1.329,1.333,1.329,1480.00,2023-03-27 23:00:00+00:00
1.331,1.329,1.334,1.327,1211.00,2023-03-27 22:30:00+00:00
1.328,1.331,1.334,1.326,4380.00,2023-03-27 22:00:00+00:00
1.328,1.328,1.329,1.326,6005.00,2023-03-27 21:30:00+00:00
1.324,1.327,1.332,1.322,5040.00,2023-03-27 21:00:00+00:00
1.323,1.323,1.325,1.320,8891.00,2023-03-27 20:30:00+00:00
1.320,1.322,1.326,1.314,16556.00,2023-03-27 20:00:00+00:00
1.333,1.320,1.334,1.320,5130.00,2023-03-27 19:30:00+00:00
1.335,1.334,1.337,1.332,1246.00,2023-03-27 19:00:00+00:00
1.333,1.334,1.337,1.332,2210.00,2023-03-27 18:30:00+00:00
1.330,1.334,1.338,1.329,9904.00,2023-03-27 18:00:00+00:00
1.330,1.329,1.336,1.326,4475.00,2023-03-27 17:30:00+00:00
1.336,1.329,1.339,1.328,3083.00,2023-03-27 17:00:00+00:00
1.343,1.336,1.344,1.332,5021.00,2023-03-27 16:30:00+00:00
1.332,1.343,1.352,1.330,29340.00,2023-03-27 16:00:00+00:00
1.334,1.334,1.335,1.328,7572.00,2023-03-27 15:30:00+00:00
1.344,1.335,1.345,1.313,181545.00,2023-03-27 15:00:00+00:00
1.362,1.349,1.367,1.345,26517.00,2023-03-27 14:30:00+00:00
1.382,1.362,1.385,1.357,21469.00,2023-03-27 14:00:00+00:00
1.384,1.382,1.390,1.378,3818.00,2023-03-27 13:30:00+00:00
1.383,1.383,1.387,1.377,3824.00,2023-03-27 13:00:00+00:00
1.387,1.383,1.390,1.380,3488.00,2023-03-27 12:30:00+00:00
1.386,1.387,1.393,1.385,3885.00,2023-03-27 12:00:00+00:00
1.391,1.387,1.392,1.384,3400.00,2023-03-27 11:30:00+00:00
1.386,1.390,1.393,1.385,2499.00,2023-03-27 11:00:00+00:00
1.385,1.387,1.390,1.382,6577.00,2023-03-27 10:30:00+00:00
1.387,1.385,1.390,1.384,3920.00,2023-03-27 10:00:00+00:00
1.388,1.385,1.390,1.383,4251.00,2023-03-27 09:30:00+00:00
1.384,1.387,1.389,1.381,4642.00,2023-03-27 09:00:00+00:00
1.380,1.385,1.385,1.379,1905.00,2023-03-27 08:30:00+00:00
1.383,1.381,1.384,1.377,3021.00,2023-03-27 08:00:00+00:00
1.377,1.383,1.383,1.375,4913.00,2023-03-27 07:30:00+00:00
1.381,1.378,1.382,1.377,1021.00,2023-03-27 07:00:00+00:00
1.382,1.381,1.384,1.377,1363.00,2023-03-27 06:30:00+00:00
1.382,1.381,1.382,1.375,3077.00,2023-03-27 06:00:00+00:00
1.389,1.381,1.390,1.373,4188.00,2023-03-27 05:30:00+00:00
1.388,1.390,1.392,1.386,1889.00,2023-03-27 05:00:00+00:00
1.390,1.388,1.392,1.388,884.00,2023-03-27 04:30:00+00:00
1.392,1.392,1.394,1.390,1420.00,2023-03-27 04:00:00+00:00
1.389,1.392,1.395,1.388,4454.00,2023-03-27 03:30:00+00:00
1.395,1.390,1.395,1.390,1455.00,2023-03-27 03:00:00+00:00
1.393,1.397,1.397,1.388,2129.00,2023-03-27 02:30:00+00:00
1.393,1.393,1.395,1.386,1905.00,2023-03-27 02:00:00+00:00
1.397,1.394,1.397,1.392,2837.00,2023-03-27 01:30:00+00:00
1.403,1.396,1.404,1.393,2350.00,2023-03-27 01:00:00+00:00
1.405,1.403,1.406,1.399,2980.00,2023-03-27 00:30:00+00:00
1.402,1.405,1.406,1.400,3078.00,2023-03-27 00:00:00+00:00
1.405,1.401,1.407,1.400,1281.00,2023-03-26 23:30:00+00:00
1.402,1.405,1.409,1.402,5865.00,2023-03-26 23:00:00+00:00
1.403,1.403,1.404,1.399,902.00,2023-03-26 22:30:00+00:00
1.395,1.404,1.405,1.395,1531.00,2023-03-26 22:00:00+00:00
1.390,1.395,1.395,1.389,1044.00,2023-03-26 21:30:00+00:00
1.391,1.391,1.392,1.387,1246.00,2023-03-26 21:00:00+00:00
1.397,1.391,1.398,1.390,2664.00,2023-03-26 20:30:00+00:00
1.399,1.398,1.401,1.396,920.00,2023-03-26 20:00:00+00:00
1.398,1.399,1.401,1.397,1159.00,2023-03-26 19:30:00+00:00
1.399,1.397,1.402,1.397,1697.00,2023-03-26 19:00:00+00:00
1.399,1.399,1.402,1.398,2538.00,2023-03-26 18:30:00+00:00
1.400,1.400,1.405,1.397,2237.00,2023-03-26 18:00:00+00:00
1.396,1.399,1.401,1.396,1261.00,2023-03-26 17:30:00+00:00
1.392,1.396,1.396,1.389,3266.00,2023-03-26 17:00:00+00:00
1.400,1.392,1.401,1.389,2504.00,2023-03-26 16:30:00+00:00
1.399,1.401,1.405,1.398,3600.00,2023-03-26 16:00:00+00:00
1.404,1.403,1.405,1.395,3424.00,2023-03-26 15:30:00+00:00
1.399,1.403,1.405,1.396,3923.00,2023-03-26 15:00:00+00:00
1.411,1.399,1.411,1.394,52450.00,2023-03-26 14:30:00+00:00
1.421,1.409,1.425,1.409,80116.00,2023-03-26 14:00:00+00:00
1.403,1.420,1.421,1.403,12583.00,2023-03-26 13:30:00+00:00
1.408,1.403,1.408,1.402,3725.00,2023-03-26 13:00:00+00:00
1.404,1.408,1.409,1.404,4471.00,2023-03-26 12:30:00+00:00
1.405,1.405,1.412,1.402,42965.00,2023-03-26 12:00:00+00:00
1.397,1.405,1.406,1.394,6462.00,2023-03-26 11:30:00+00:00
1.399,1.398,1.402,1.397,6388.00,2023-03-26 11:00:00+00:00
1.397,1.399,1.400,1.391,4987.00,2023-03-26 10:30:00+00:00
1.398,1.396,1.400,1.394,6028.00,2023-03-26 10:00:00+00:00
1.399,1.399,1.400,1.395,4946.00,2023-03-26 09:30:00+00:00
1.396,1.399,1.404,1.394,7780.00,2023-03-26 09:00:00+00:00
1.382,1.396,1.401,1.380,12152.00,2023-03-26 08:30:00+00:00
1.384,1.382,1.385,1.381,1320.00,2023-03-26 08:00:00+00:00
1.386,1.383,1.386,1.382,937.00,2023-03-26 07:30:00+00:00
1.385,1.385,1.387,1.381,1135.00,2023-03-26 07:00:00+00:00
1.382,1.384,1.385,1.380,1074.00,2023-03-26 06:30:00+00:00
1.389,1.382,1.391,1.382,2036.00,2023-03-26 06:00:00+00:00
1.382,1.389,1.390,1.381,931.00,2023-03-26 05:30:00+00:00
1.386,1.383,1.386,1.383,918.00,2023-03-26 05:00:00+00:00
1.386,1.385,1.386,1.379,2309.00,2023-03-26 04:30:00+00:00
1.386,1.386,1.387,1.384,947.00,2023-03-26 04:00:00+00:00
1.381,1.385,1.385,1.378,900.00,2023-03-26 03:30:00+00:00
1.385,1.381,1.386,1.381,615.00,2023-03-26 03:00:00+00:00
1.385,1.384,1.386,1.382,789.00,2023-03-26 02:30:00+00:00
1.384,1.385,1.386,1.383,634.00,2023-03-26 02:00:00+00:00
1.383,1.384,1.386,1.381,1091.00,2023-03-26 01:30:00+00:00
1.382,1.384,1.385,1.380,1803.00,2023-03-26 01:00:00+00:00
1.374,1.383,1.389,1.372,3463.00,2023-03-26 00:30:00+00:00
1.378,1.374,1.381,1.372,2344.00,2023-03-26 00:00:00+00:00
1.374,1.377,1.378,1.373,1629.00,2023-03-25 23:30:00+00:00
1.372,1.374,1.375,1.370,1338.00,2023-03-25 23:00:00+00:00
1.378,1.372,1.378,1.372,2000.00,2023-03-25 22:30:00+00:00
1.372,1.376,1.383,1.371,4757.00,2023-03-25 22:00:00+00:00
1.372,1.372,1.375,1.371,942.00,2023-03-25 21:30:00+00:00
1.372,1.372,1.377,1.370,1455.00,2023-03-25 21:00:00+00:00
1.370,1.372,1.374,1.368,1759.00,2023-03-25 20:30:00+00:00
1.364,1.369,1.370,1.359,4901.00,2023-03-25 20:00:00+00:00
1.367,1.365,1.372,1.362,6052.00,2023-03-25 19:30:00+00:00
1.378,1.367,1.379,1.366,9471.00,2023-03-25 19:00:00+00:00
1.386,1.379,1.386,1.377,7000.00,2023-03-25 18:30:00+00:00
1.385,1.386,1.390,1.382,1913.00,2023-03-25 18:00:00+00:00
1.384,1.384,1.388,1.379,2529.00,2023-03-25 17:30:00+00:00
1.390,1.384,1.392,1.383,7306.00,2023-03-25 17:00:00+00:00
1.390,1.390,1.394,1.388,1484.00,2023-03-25 16:30:00+00:00
1.393,1.391,1.394,1.387,2360.00,2023-03-25 16:00:00+00:00
1.388,1.392,1.398,1.386,3754.00,2023-03-25 15:30:00+00:00
1.385,1.388,1.388,1.381,1770.00,2023-03-25 15:00:00+00:00
1.390,1.385,1.391,1.383,1480.00,2023-03-25 14:30:00+00:00
1.388,1.388,1.393,1.385,2183.00,2023-03-25 14:00:00+00:00
1.379,1.388,1.390,1.378,11455.00,2023-03-25 13:30:00+00:00
1.376,1.379,1.379,1.371,2108.00,2023-03-25 13:00:00+00:00
1.372,1.376,1.376,1.370,1281.00,2023-03-25 12:30:00+00:00
1.377,1.373,1.378,1.372,1286.00,2023-03-25 12:00:00+00:00
1.379,1.378,1.383,1.374,1700.00,2023-03-25 11:30:00+00:00
1.379,1.380,1.384,1.376,1387.00,2023-03-25 11:00:00+00:00
1.373,1.379,1.381,1.372,1598.00,2023-03-25 10:30:00+00:00
1.378,1.373,1.380,1.372,3157.00,2023-03-25 10:00:00+00:00
1.370,1.378,1.380,1.370,3615.00,2023-03-25 09:30:00+00:00
1.372,1.370,1.373,1.367,1459.00,2023-03-25 09:00:00+00:00
1.372,1.372,1.373,1.365,1929.00,2023-03-25 08:30:00+00:00
1.375,1.371,1.377,1.371,877.00,2023-03-25 08:00:00+00:00
1.381,1.376,1.381,1.375,701.00,2023-03-25 07:30:00+00:00
1.379,1.380,1.382,1.378,1050.00,2023-03-25 07:00:00+00:00
1.376,1.379,1.380,1.375,429.00,2023-03-25 06:30:00+00:00
1.377,1.377,1.378,1.373,1698.00,2023-03-25 06:00:00+00:00
1.378,1.376,1.379,1.375,1217.00,2023-03-25 05:30:00+00:00
1.381,1.379,1.383,1.377,2341.00,2023-03-25 05:00:00+00:00
1.383,1.382,1.384,1.376,1631.00,2023-03-25 04:30:00+00:00
1.381,1.384,1.384,1.379,546.00,2023-03-25 04:00:00+00:00
1.384,1.380,1.385,1.377,1474.00,2023-03-25 03:30:00+00:00
1.389,1.384,1.391,1.384,1042.00,2023-03-25 03:00:00+00:00
1.394,1.389,1.396,1.388,1215.00,2023-03-25 02:30:00+00:00
1.386,1.394,1.395,1.385,978.00,2023-03-25 02:00:00+00:00
1.387,1.386,1.388,1.382,2773.00,2023-03-25 01:30:00+00:00
1.391,1.385,1.394,1.384,1888.00,2023-03-25 01:00:00+00:00
1.384,1.392,1.392,1.383,15782.00,2023-03-25 00:30:00+00:00
1.381,1.383,1.387,1.380,8352.00,2023-03-25 00:00:00+00:00
1.384,1.380,1.385,1.378,1281.00,2023-03-24 23:30:00+00:00
1.379,1.384,1.386,1.379,1077.00,2023-03-24 23:00:00+00:00
1.379,1.382,1.383,1.378,1418.00,2023-03-24 22:30:00+00:00
1.377,1.378,1.381,1.375,1149.00,2023-03-24 22:00:00+00:00
1.364,1.377,1.379,1.362,3752.00,2023-03-24 21:30:00+00:00
1.377,1.363,1.378,1.360,7227.00,2023-03-24 21:00:00+00:00
1.382,1.376,1.383,1.371,5401.00,2023-03-24 20:30:00+00:00
1.388,1.381,1.391,1.380,4226.00,2023-03-24 20:00:00+00:00
1.385,1.387,1.390,1.383,3990.00,2023-03-24 19:30:00+00:00
1.378,1.386,1.387,1.376,4399.00,2023-03-24 19:00:00+00:00
1.375,1.378,1.384,1.371,5830.00,2023-03-24 18:30:00+00:00
1.370,1.375,1.375,1.367,11878.00,2023-03-24 18:00:00+00:00
1.382,1.371,1.386,1.358,48248.00,2023-03-24 17:30:00+00:00
1.395,1.382,1.397,1.374,24498.00,2023-03-24 17:00:00+00:00
1.402,1.395,1.404,1.395,3224.00,2023-03-24 16:30:00+00:00
1.406,1.403,1.409,1.399,3332.00,2023-03-24 16:00:00+00:00
1.406,1.406,1.410,1.398,6536.00,2023-03-24 15:30:00+00:00
1.406,1.406,1.407,1.394,9963.00,2023-03-24 15:00:00+00:00
1.415,1.407,1.423,1.406,9671.00,2023-03-24 14:30:00+00:00
1.417,1.414,1.418,1.393,48051.00,2023-03-24 14:00:00+00:00
1.417,1.416,1.417,1.404,62665.00,2023-03-24 13:30:00+00:00
1.424,1.416,1.425,1.413,74005.00,2023-03-24 13:00:00+00:00
1.422,1.425,1.431,1.419,76786.00,2023-03-24 12:30:00+00:00
1.417,1.421,1.423,1.417,8212.00,2023-03-24 12:00:00+00:00
1.417,1.418,1.421,1.415,167033.00,2023-03-24 11:30:00+00:00
1.412,1.416,1.418,1.408,48623.00,2023-03-24 11:00:00+00:00
1.412,1.412,1.416,1.409,72261.00,2023-03-24 10:30:00+00:00
1.412,1.411,1.416,1.406,156065.00,2023-03-24 10:00:00+00:00
1.425,1.413,1.426,1.409,200590.00,2023-03-24 09:30:00+00:00
1.421,1.426,1.426,1.416,166510.00,2023-03-24 09:00:00+00:00
1.430,1.421,1.432,1.411,143638.00,2023-03-24 08:30:00+00:00
1.439,1.430,1.444,1.428,18394.00,2023-03-24 08:00:00+00:00
1.435,1.441,1.445,1.433,9026.00,2023-03-24 07:30:00+00:00
1.434,1.434,1.439,1.432,3293.00,2023-03-24 07:00:00+00:00
1.436,1.435,1.437,1.432,2949.00,2023-03-24 06:30:00+00:00
1.437,1.435,1.438,1.434,3678.00,2023-03-24 06:00:00+00:00
1.433,1.438,1.439,1.432,2839.00,2023-03-24 05:30:00+00:00
1.427,1.432,1.436,1.427,3871.00,2023-03-24 05:00:00+00:00
1.429,1.428,1.433,1.427,3380.00,2023-03-24 04:30:00+00:00
1.436,1.429,1.438,1.429,3845.00,2023-03-24 04:00:00+00:00
1.437,1.435,1.437,1.433,2035.00,2023-03-24 03:30:00+00:00
1.434,1.437,1.437,1.431,2338.00,2023-03-24 03:00:00+00:00
1.440,1.434,1.443,1.430,4571.00,2023-03-24 02:30:00+00:00
1.439,1.441,1.444,1.439,3164.00,2023-03-24 02:00:00+00:00
1.440,1.439,1.443,1.438,2785.00,2023-03-24 01:30:00+00:00
1.435,1.440,1.441,1.432,6960.00,2023-03-24 01:00:00+00:00
1.441,1.435,1.445,1.435,6804.00,2023-03-24 00:30:00+00:00
1.441,1.443,1.446,1.441,4397.00,2023-03-24 00:00:00+00:00
1.439,1.443,1.446,1.436,5784.00,2023-03-23 23:30:00+00:00
1.431,1.438,1.441,1.429,3489.00,2023-03-23 23:00:00+00:00
1.428,1.431,1.433,1.426,2775.00,2023-03-23 22:30:00+00:00
1.428,1.427,1.432,1.424,3355.00,2023-03-23 22:00:00+00:00
1.425,1.427,1.430,1.424,2517.00,2023-03-23 21:30:00+00:00
1.428,1.424,1.430,1.417,4893.00,2023-03-23 21:00:00+00:00
1.423,1.428,1.428,1.421,3096.00,2023-03-23 20:30:00+00:00
1.431,1.423,1.432,1.421,4118.00,2023-03-23 20:00:00+00:00
1.417,1.432,1.435,1.416,6245.00,2023-03-23 19:30:00+00:00
1.419,1.417,1.425,1.412,6652.00,2023-03-23 19:00:00+00:00
1.432,1.420,1.432,1.408,7446.00,2023-03-23 18:30:00+00:00
1.435,1.432,1.439,1.427,5795.00,2023-03-23 18:00:00+00:00
1.432,1.435,1.440,1.432,5300.00,2023-03-23 17:30:00+00:00
1.441,1.433,1.447,1.430,8567.00,2023-03-23 17:00:00+00:00
1.441,1.441,1.444,1.437,4654.00,2023-03-23 16:30:00+00:00
1.445,1.441,1.449,1.437,17002.00,2023-03-23 16:00:00+00:00
1.436,1.444,1.449,1.436,23381.00,2023-03-23 15:30:00+00:00
1.418,1.436,1.450,1.417,44688.00,2023-03-23 15:00:00+00:00
1.387,1.417,1.421,1.384,13276.00,2023-03-23 14:30:00+00:00
1.388,1.387,1.393,1.384,4671.00,2023-03-23 14:00:00+00:00
1.385,1.388,1.392,1.383,6011.00,2023-03-23 13:30:00+00:00
1.393,1.385,1.394,1.383,11745.00,2023-03-23 13:00:00+00:00
1.394,1.393,1.398,1.392,6145.00,2023-03-23 12:30:00+00:00
1.402,1.394,1.402,1.393,12927.00,2023-03-23 12:00:00+00:00
1.392,1.401,1.407,1.390,10683.00,2023-03-23 11:30:00+00:00
1.395,1.391,1.396,1.388,9373.00,2023-03-23 11:00:00+00:00
1.393,1.396,1.397,1.391,7426.00,2023-03-23 10:30:00+00:00
1.395,1.393,1.398,1.390,5912.00,2023-03-23 10:00:00+00:00
1.394,1.396,1.399,1.390,4180.00,2023-03-23 09:30:00+00:00
1.390,1.393,1.394,1.388,3585.00,2023-03-23 09:00:00+00:00
1.388,1.390,1.393,1.387,10686.00,2023-03-23 08:30:00+00:00
1.390,1.388,1.394,1.385,6287.00,2023-03-23 08:00:00+00:00
1.381,1.389,1.392,1.379,4301.00,2023-03-23 07:30:00+00:00
1.383,1.380,1.386,1.377,5053.00,2023-03-23 07:00:00+00:00
1.382,1.383,1.384,1.381,3764.00,2023-03-23 06:30:00+00:00
1.383,1.382,1.387,1.379,4425.00,2023-03-23 06:00:00+00:00
1.370,1.384,1.387,1.370,6620.00,2023-03-23 05:30:00+00:00
1.366,1.370,1.372,1.365,2671.00,2023-03-23 05:00:00+00:00
1.372,1.367,1.373,1.363,3136.00,2023-03-23 04:30:00+00:00
1.364,1.370,1.371,1.364,2327.00,2023-03-23 04:00:00+00:00
1.368,1.364,1.371,1.364,3162.00,2023-03-23 03:30:00+00:00
1.370,1.368,1.372,1.367,3242.00,2023-03-23 03:00:00+00:00
1.365,1.369,1.371,1.362,3217.00,2023-03-23 02:30:00+00:00
1.356,1.365,1.365,1.356,2879.00,2023-03-23 02:00:00+00:00
1.360,1.356,1.363,1.356,3058.00,2023-03-23 01:30:00+00:00
1.364,1.360,1.368,1.356,4859.00,2023-03-23 01:00:00+00:00
1.370,1.365,1.374,1.361,4067.00,2023-03-23 00:30:00+00:00
1.363,1.369,1.374,1.360,5773.00,2023-03-23 00:00:00+00:00
1.365,1.362,1.366,1.358,3286.00,2023-03-22 23:30:00+00:00
1.359,1.365,1.368,1.357,2992.00,2023-03-22 23:00:00+00:00
1.355,1.359,1.361,1.347,3338.00,2023-03-22 22:30:00+00:00
1.353,1.355,1.358,1.348,5089.00,2023-03-22 22:00:00+00:00
1.365,1.354,1.366,1.353,4800.00,2023-03-22 21:30:00+00:00
1.361,1.364,1.369,1.357,5435.00,2023-03-22 21:00:00+00:00
1.352,1.360,1.363,1.348,6443.00,2023-03-22 20:30:00+00:00
1.338,1.351,1.356,1.332,19787.00,2023-03-22 20:00:00+00:00
1.379,1.339,1.379,1.336,85017.00,2023-03-22 19:30:00+00:00
1.407,1.378,1.409,1.356,70115.00,2023-03-22 19:00:00+00:00
1.424,1.407,1.428,1.384,52137.00,2023-03-22 18:30:00+00:00
1.416,1.421,1.440,1.406,62358.00,2023-03-22 18:00:00+00:00
1.411,1.415,1.417,1.405,7446.00,2023-03-22 17:30:00+00:00
1.432,1.411,1.432,1.403,14994.00,2023-03-22 17:00:00+00:00
1.430,1.429,1.433,1.428,4306.00,2023-03-22 16:30:00+00:00
1.429,1.428,1.434,1.419,6264.00,2023-03-22 16:00:00+00:00
1.443,1.429,1.448,1.422,9308.00,2023-03-22 15:30:00+00:00
1.440,1.444,1.450,1.439,6628.00,2023-03-22 15:00:00+00:00
1.432,1.437,1.450,1.428,17020.00,2023-03-22 14:30:00+00:00
1.430,1.432,1.433,1.428,3117.00,2023-03-22 14:00:00+00:00
1.431,1.430,1.434,1.425,4851.00,2023-03-22 13:30:00+00:00
1.426,1.430,1.435,1.423,4846.00,2023-03-22 13:00:00+00:00
1.430,1.425,1.433,1.424,5119.00,2023-03-22 12:30:00+00:00
1.425,1.431,1.435,1.420,6779.00,2023-03-22 12:00:00+00:00
1.428,1.425,1.430,1.422,4650.00,2023-03-22 11:30:00+00:00
1.431,1.427,1.433,1.427,4113.00,2023-03-22 11:00:00+00:00
1.424,1.431,1.431,1.424,3887.00,2023-03-22 10:30:00+00:00
1.421,1.423,1.430,1.419,8089.00,2023-03-22 10:00:00+00:00
1.429,1.421,1.430,1.415,5803.00,2023-03-22 09:30:00+00:00
1.425,1.428,1.429,1.422,3850.00,2023-03-22 09:00:00+00:00
1.432,1.425,1.433,1.423,2832.00,2023-03-22 08:30:00+00:00
1.431,1.431,1.436,1.429,3487.00,2023-03-22 08:00:00+00:00
1.433,1.431,1.434,1.423,5051.00,2023-03-22 07:30:00+00:00
1.435,1.434,1.439,1.432,5096.00,2023-03-22 07:00:00+00:00
1.434,1.437,1.437,1.432,3497.00,2023-03-22 06:30:00+00:00
1.437,1.434,1.438,1.433,3767.00,2023-03-22 06:00:00+00:00
1.443,1.437,1.444,1.437,3216.00,2023-03-22 05:30:00+00:00
1.438,1.443,1.444,1.437,3167.00,2023-03-22 05:00:00+00:00
1.435,1.437,1.441,1.433,5963.00,2023-03-22 04:30:00+00:00
1.443,1.434,1.445,1.433,5406.00,2023-03-22 04:00:00+00:00
1.443,1.444,1.448,1.441,3554.00,2023-03-22 03:30:00+00:00
1.440,1.444,1.450,1.436,5597.00,2023-03-22 03:00:00+00:00
1.438,1.440,1.443,1.435,3508.00,2023-03-22 02:30:00+00:00
1.438,1.439,1.445,1.436,4010.00,2023-03-22 02:00:00+00:00
1.438,1.438,1.441,1.431,4686.00,2023-03-22 01:30:00+00:00
1.434,1.438,1.440,1.430,4394.00,2023-03-22 01:00:00+00:00
1.445,1.433,1.446,1.430,9402.00,2023-03-22 00:30:00+00:00
1.446,1.445,1.449,1.442,10318.00,2023-03-22 00:00:00+00:00
1.445,1.447,1.450,1.443,4549.00,2023-03-21 23:30:00+00:00
1.444,1.446,1.446,1.439,3919.00,2023-03-21 23:00:00+00:00
1.439,1.443,1.444,1.434,3826.00,2023-03-21 22:30:00+00:00
1.443,1.438,1.445,1.438,3307.00,2023-03-21 22:00:00+00:00
1.441,1.443,1.446,1.435,6010.00,2023-03-21 21:30:00+00:00
1.441,1.442,1.445,1.434,8184.00,2023-03-21 21:00:00+00:00
1.439,1.442,1.448,1.439,8965.00,2023-03-21 20:30:00+00:00
1.435,1.440,1.441,1.435,6135.00,2023-03-21 20:00:00+00:00
1.437,1.434,1.441,1.432,6486.00,2023-03-21 19:30:00+00:00
1.429,1.434,1.436,1.427,4728.00,2023-03-21 19:00:00+00:00
1.429,1.431,1.434,1.421,7662.00,2023-03-21 18:30:00+00:00
1.434,1.430,1.436,1.421,9434.00,2023-03-21 18:00:00+00:00
1.440,1.434,1.443,1.429,11403.00,2023-03-21 17:30:00+00:00
1.447,1.439,1.450,1.432,13849.00,2023-03-21 17:00:00+00:00
1.443,1.447,1.457,1.440,17680.00,2023-03-21 16:30:00+00:00
1.438,1.443,1.443,1.433,7235.00,2023-03-21 16:00:00+00:00
1.434,1.439,1.444,1.434,6066.00,2023-03-21 15:30:00+00:00
1.432,1.434,1.440,1.430,4923.00,2023-03-21 15:00:00+00:00
1.435,1.430,1.441,1.427,11194.00,2023-03-21 14:30:00+00:00
1.448,1.435,1.454,1.427,23645.00,2023-03-21 14:00:00+00:00
1.438,1.446,1.449,1.434,20701.00,2023-03-21 13:30:00+00:00
1.434,1.439,1.443,1.430,33139.00,2023-03-21 13:00:00+00:00
1.412,1.434,1.438,1.412,52854.00,2023-03-21 12:30:00+00:00
1.413,1.412,1.420,1.407,12490.00,2023-03-21 12:00:00+00:00
1.408,1.413,1.416,1.405,7776.00,2023-03-21 11:30:00+00:00
1.406,1.408,1.409,1.402,4733.00,2023-03-21 11:00:00+00:00
1.408,1.407,1.410,1.402,6367.00,2023-03-21 10:30:00+00:00
1.398,1.410,1.417,1.396,15887.00,2023-03-21 10:00:00+00:00
1.383,1.398,1.405,1.382,10061.00,2023-03-21 09:30:00+00:00
1.384,1.383,1.390,1.381,5014.00,2023-03-21 09:00:00+00:00
1.380,1.383,1.387,1.379,4391.00,2023-03-21 08:30:00+00:00
1.381,1.381,1.385,1.372,5588.00,2023-03-21 08:00:00+00:00
1.381,1.381,1.385,1.376,5496.00,2023-03-21 07:30:00+00:00
1.394,1.382,1.396,1.368,34991.00,2023-03-21 07:00:00+00:00
1.397,1.393,1.402,1.393,3415.00,2023-03-21 06:30:00+00:00
1.398,1.398,1.399,1.394,3599.00,2023-03-21 06:00:00+00:00
1.404,1.399,1.404,1.394,5153.00,2023-03-21 05:30:00+00:00
1.407,1.404,1.408,1.402,2987.00,2023-03-21 05:00:00+00:00
1.408,1.408,1.412,1.406,3175.00,2023-03-21 04:30:00+00:00
1.406,1.408,1.412,1.405,3920.00,2023-03-21 04:00:00+00:00
1.397,1.406,1.407,1.397,4526.00,2023-03-21 03:30:00+00:00
1.401,1.398,1.405,1.396,3669.00,2023-03-21 03:00:00+00:00
1.403,1.401,1.406,1.398,3049.00,2023-03-21 02:30:00+00:00
1.407,1.402,1.409,1.400,4972.00,2023-03-21 02:00:00+00:00
1.401,1.408,1.411,1.398,4861.00,2023-03-21 01:30:00+00:00
1.408,1.400,1.409,1.395,6946.00,2023-03-21 01:00:00+00:00
1.407,1.408,1.415,1.403,7905.00,2023-03-21 00:30:00+00:00
1.400,1.407,1.410,1.394,9872.00,2023-03-21 00:00:00+00:00
1.403,1.400,1.405,1.392,5569.00,2023-03-20 23:30:00+00:00
1.409,1.403,1.414,1.398,7638.00,2023-03-20 23:00:00+00:00
1.408,1.410,1.417,1.407,3437.00,2023-03-20 22:30:00+00:00
1.414,1.409,1.414,1.407,5298.00,2023-03-20 22:00:00+00:00
1.415,1.413,1.420,1.410,3706.00,2023-03-20 21:30:00+00:00
1.412,1.415,1.423,1.411,5573.00,2023-03-20 21:00:00+00:00
1.411,1.411,1.417,1.406,4532.00,2023-03-20 20:30:00+00:00
1.404,1.412,1.412,1.402,4293.00,2023-03-20 20:00:00+00:00
1.399,1.402,1.407,1.397,5219.00,2023-03-20 19:30:00+00:00
1.417,1.398,1.417,1.394,14620.00,2023-03-20 19:00:00+00:00
1.412,1.417,1.423,1.409,7501.00,2023-03-20 18:30:00+00:00
1.404,1.412,1.412,1.396,15424.00,2023-03-20 18:00:00+00:00
1.413,1.405,1.419,1.402,19150.00,2023-03-20 17:30:00+00:00
1.408,1.413,1.419,1.398,25952.00,2023-03-20 17:00:00+00:00
1.425,1.409,1.429,1.405,12388.00,2023-03-20 16:30:00+00:00
1.427,1.426,1.436,1.415,14415.00,2023-03-20 16:00:00+00:00
1.437,1.427,1.438,1.426,18619.00,2023-03-20 15:30:00+00:00
1.440,1.437,1.442,1.429,5208.00,2023-03-20 15:00:00+00:00
1.437,1.438,1.440,1.429,6418.00,2023-03-20 14:30:00+00:00
1.431,1.437,1.445,1.430,9836.00,2023-03-20 14:00:00+00:00
1.443,1.431,1.444,1.422,14983.00,2023-03-20 13:30:00+00:00
1.448,1.443,1.449,1.439,5747.00,2023-03-20 13:00:00+00:00
1.443,1.448,1.451,1.442,4072.00,2023-03-20 12:30:00+00:00
1.445,1.441,1.446,1.436,5338.00,2023-03-20 12:00:00+00:00
1.454,1.446,1.455,1.438,7882.00,2023-03-20 11:30:00+00:00
1.446,1.454,1.455,1.443,5968.00,2023-03-20 11:00:00+00:00
1.447,1.444,1.453,1.442,6155.00,2023-03-20 10:30:00+00:00
1.453,1.446,1.456,1.439,11037.00,2023-03-20 10:00:00+00:00
1.456,1.454,1.459,1.446,8420.00,2023-03-20 09:30:00+00:00
1.455,1.454,1.464,1.449,8147.00,2023-03-20 09:00:00+00:00
1.453,1.456,1.461,1.450,8472.00,2023-03-20 08:30:00+00:00
1.453,1.454,1.463,1.446,13205.00,2023-03-20 08:00:00+00:00
1.442,1.453,1.458,1.438,9865.00,2023-03-20 07:30:00+00:00
1.431,1.441,1.447,1.430,6142.00,2023-03-20 07:00:00+00:00
1.432,1.431,1.436,1.424,5684.00,2023-03-20 06:30:00+00:00
1.431,1.433,1.437,1.430,6328.00,2023-03-20 06:00:00+00:00
1.428,1.433,1.433,1.421,6218.00,2023-03-20 05:30:00+00:00
1.427,1.428,1.432,1.424,3758.00,2023-03-20 05:00:00+00:00
1.428,1.426,1.431,1.424,7018.00,2023-03-20 04:30:00+00:00
1.428,1.429,1.431,1.411,23333.00,2023-03-20 04:00:00+00:00
1.429,1.429,1.431,1.415,25887.00,2023-03-20 03:30:00+00:00
1.447,1.428,1.448,1.422,16211.00,2023-03-20 03:00:00+00:00
1.455,1.446,1.456,1.430,14453.00,2023-03-20 02:30:00+00:00
1.453,1.454,1.458,1.450,6403.00,2023-03-20 02:00:00+00:00
1.450,1.453,1.456,1.448,7395.00,2023-03-20 01:30:00+00:00
1.444,1.450,1.452,1.433,10567.00,2023-03-20 01:00:00+00:00
1.449,1.444,1.455,1.439,7291.00,2023-03-20 00:30:00+00:00
1.452,1.448,1.456,1.437,17477.00,2023-03-20 00:00:00+00:00
1.469,1.452,1.471,1.441,16271.00,2023-03-19 23:30:00+00:00
1.463,1.469,1.470,1.461,5282.00,2023-03-19 23:00:00+00:00
1.460,1.464,1.467,1.456,6711.00,2023-03-19 22:30:00+00:00
1.456,1.459,1.465,1.453,11967.00,2023-03-19 22:00:00+00:00
1.463,1.457,1.463,1.453,5523.00,2023-03-19 21:30:00+00:00
1.456,1.463,1.468,1.455,8202.00,2023-03-19 21:00:00+00:00
1.465,1.456,1.474,1.446,33811.00,2023-03-19 20:30:00+00:00
1.475,1.466,1.481,1.465,21686.00,2023-03-19 20:00:00+00:00
1.483,1.475,1.486,1.473,21720.00,2023-03-19 19:30:00+00:00
1.482,1.483,1.491,1.479,14893.00,2023-03-19 19:00:00+00:00
1.477,1.483,1.483,1.475,8055.00,2023-03-19 18:30:00+00:00
1.471,1.477,1.479,1.464,6705.00,2023-03-19 18:00:00+00:00
1.471,1.470,1.477,1.466,11107.00,2023-03-19 17:30:00+00:00
1.475,1.471,1.478,1.463,21681.00,2023-03-19 17:00:00+00:00
1.462,1.474,1.485,1.460,33851.00,2023-03-19 16:30:00+00:00
1.460,1.461,1.467,1.457,14099.00,2023-03-19 16:00:00+00:00
1.457,1.461,1.467,1.452,13859.00,2023-03-19 15:30:00+00:00
1.448,1.457,1.464,1.447,24561.00,2023-03-19 15:00:00+00:00
1.451,1.447,1.455,1.444,7538.00,2023-03-19 14:30:00+00:00
1.445,1.450,1.452,1.440,6875.00,2023-03-19 14:00:00+00:00
1.446,1.444,1.449,1.439,6472.00,2023-03-19 13:30:00+00:00
1.445,1.446,1.447,1.438,8925.00,2023-03-19 13:00:00+00:00
1.443,1.445,1.449,1.441,8618.00,2023-03-19 12:30:00+00:00
1.446,1.444,1.454,1.442,14921.00,2023-03-19 12:00:00+00:00
1.436,1.446,1.451,1.435,6490.00,2023-03-19 11:30:00+00:00
1.438,1.434,1.443,1.427,20790.00,2023-03-19 11:00:00+00:00
1.444,1.437,1.444,1.434,10055.00,2023-03-19 10:30:00+00:00
1.438,1.444,1.445,1.431,6284.00,2023-03-19 10:00:00+00:00
1.429,1.438,1.440,1.428,5397.00,2023-03-19 09:30:00+00:00
1.432,1.429,1.437,1.428,6569.00,2023-03-19 09:00:00+00:00
1.433,1.432,1.440,1.429,19553.00,2023-03-19 08:30:00+00:00
1.433,1.432,1.439,1.424,28958.00,2023-03-19 08:00:00+00:00
1.428,1.435,1.435,1.428,3989.00,2023-03-19 07:30:00+00:00
1.434,1.430,1.434,1.420,16308.00,2023-03-19 07:00:00+00:00
1.438,1.434,1.440,1.432,8744.00,2023-03-19 06:30:00+00:00
1.443,1.439,1.444,1.436,7355.00,2023-03-19 06:00:00+00:00
1.447,1.441,1.449,1.439,4399.00,2023-03-19 05:30:00+00:00
1.444,1.446,1.448,1.440,3200.00,2023-03-19 05:00:00+00:00
1.443,1.444,1.446,1.440,3102.00,2023-03-19 04:30:00+00:00
1.446,1.443,1.453,1.440,13485.00,2023-03-19 04:00:00+00:00
1.440,1.446,1.448,1.440,7911.00,2023-03-19 03:30:00+00:00
1.440,1.441,1.443,1.438,3270.00,2023-03-19 03:00:00+00:00
1.444,1.439,1.448,1.438,4625.00,2023-03-19 02:30:00+00:00
1.441,1.446,1.446,1.437,4336.00,2023-03-19 02:00:00+00:00
1.439,1.442,1.445,1.438,27786.00,2023-03-19 01:30:00+00:00
1.435,1.439,1.441,1.430,5956.00,2023-03-19 01:00:00+00:00
1.430,1.436,1.447,1.430,30487.00,2023-03-19 00:30:00+00:00
1.420,1.430,1.436,1.419,16248.00,2023-03-19 00:00:00+00:00
1.417,1.419,1.425,1.412,30823.00,2023-03-18 23:30:00+00:00
1.429,1.418,1.434,1.414,11175.00,2023-03-18 23:00:00+00:00
1.445,1.428,1.445,1.425,15971.00,2023-03-18 22:30:00+00:00
1.436,1.444,1.445,1.434,8751.00,2023-03-18 22:00:00+00:00
1.444,1.438,1.446,1.435,10237.00,2023-03-18 21:30:00+00:00
1.449,1.444,1.451,1.443,4974.00,2023-03-18 21:00:00+00:00
1.447,1.450,1.457,1.446,9800.00,2023-03-18 20:30:00+00:00
1.448,1.446,1.451,1.441,36294.00,2023-03-18 20:00:00+00:00
1.457,1.448,1.457,1.448,19086.00,2023-03-18 19:30:00+00:00
1.451,1.457,1.457,1.447,11294.00,2023-03-18 19:00:00+00:00
1.450,1.452,1.453,1.444,39350.00,2023-03-18 18:30:00+00:00
1.445,1.449,1.450,1.439,50402.00,2023-03-18 18:00:00+00:00
1.437,1.445,1.447,1.426,27212.00,2023-03-18 17:30:00+00:00
1.452,1.437,1.461,1.436,20610.00,2023-03-18 17:00:00+00:00
1.439,1.452,1.460,1.409,179775.00,2023-03-18 16:30:00+00:00
1.446,1.439,1.455,1.438,218897.00,2023-03-18 16:00:00+00:00
1.465,1.446,1.468,1.437,126979.00,2023-03-18 15:30:00+00:00
1.481,1.465,1.481,1.452,21786.00,2023-03-18 15:00:00+00:00
1.488,1.480,1.490,1.476,8125.00,2023-03-18 14:30:00+00:00
1.478,1.487,1.490,1.477,7691.00,2023-03-18 14:00:00+00:00
1.483,1.479,1.487,1.475,8448.00,2023-03-18 13:30:00+00:00
1.488,1.482,1.490,1.477,8292.00,2023-03-18 13:00:00+00:00
1.478,1.490,1.494,1.478,14518.00,2023-03-18 12:30:00+00:00
1.484,1.478,1.487,1.473,19340.00,2023-03-18 12:00:00+00:00
1.478,1.484,1.485,1.477,8913.00,2023-03-18 11:30:00+00:00
1.477,1.478,1.480,1.475,7127.00,2023-03-18 11:00:00+00:00
1.472,1.478,1.481,1.472,15367.00,2023-03-18 10:30:00+00:00
1.477,1.472,1.479,1.472,8041.00,2023-03-18 10:00:00+00:00
1.471,1.477,1.479,1.468,9040.00,2023-03-18 09:30:00+00:00
1.472,1.471,1.472,1.462,14888.00,2023-03-18 09:00:00+00:00
1.464,1.470,1.474,1.463,7796.00,2023-03-18 08:30:00+00:00
1.484,1.465,1.485,1.455,14786.00,2023-03-18 08:00:00+00:00
1.482,1.484,1.488,1.480,7378.00,2023-03-18 07:30:00+00:00
1.484,1.482,1.484,1.479,4609.00,2023-03-18 07:00:00+00:00
1.477,1.484,1.485,1.476,4763.00,2023-03-18 06:30:00+00:00
1.481,1.477,1.484,1.475,4415.00,2023-03-18 06:00:00+00:00
1.476,1.482,1.484,1.474,5823.00,2023-03-18 05:30:00+00:00
1.471,1.476,1.477,1.468,5335.00,2023-03-18 05:00:00+00:00
1.481,1.471,1.482,1.469,4369.00,2023-03-18 04:30:00+00:00
1.479,1.479,1.484,1.474,6423.00,2023-03-18 04:00:00+00:00
1.477,1.479,1.481,1.477,3849.00,2023-03-18 03:30:00+00:00
1.475,1.477,1.479,1.468,5607.00,2023-03-18 03:00:00+00:00
1.483,1.474,1.484,1.468,10686.00,2023-03-18 02:30:00+00:00
1.478,1.482,1.487,1.469,7353.00,2023-03-18 02:00:00+00:00
1.480,1.477,1.480,1.468,8680.00,2023-03-18 01:30:00+00:00
1.487,1.480,1.490,1.477,8749.00,2023-03-18 01:00:00+00:00
1.459,1.486,1.487,1.455,12342.00,2023-03-18 00:30:00+00:00
1.468,1.459,1.474,1.447,12108.00,2023-03-18 00:00:00+00:00
1.461,1.467,1.469,1.459,7978.00,2023-03-17 23:30:00+00:00
1.458,1.459,1.470,1.457,11383.00,2023-03-17 23:00:00+00:00
1.453,1.458,1.465,1.449,11689.00,2023-03-17 22:30:00+00:00
1.445,1.453,1.458,1.438,10910.00,2023-03-17 22:00:00+00:00
1.434,1.445,1.448,1.430,11959.00,2023-03-17 21:30:00+00:00
1.427,1.432,1.433,1.427,4130.00,2023-03-17 21:00:00+00:00
1.428,1.428,1.430,1.418,7061.00,2023-03-17 20:30:00+00:00
1.434,1.428,1.435,1.424,6779.00,2023-03-17 20:00:00+00:00
1.425,1.433,1.434,1.421,20690.00,2023-03-17 19:30:00+00:00
1.417,1.424,1.427,1.413,18402.00,2023-03-17 19:00:00+00:00
1.405,1.415,1.416,1.404,4046.00,2023-03-17 18:30:00+00:00
1.411,1.404,1.411,1.399,5159.00,2023-03-17 18:00:00+00:00
1.411,1.411,1.413,1.405,5873.00,2023-03-17 17:30:00+00:00
1.405,1.409,1.418,1.405,7421.00,2023-03-17 17:00:00+00:00
1.405,1.405,1.411,1.400,4370.00,2023-03-17 16:30:00+00:00
1.407,1.406,1.414,1.401,10699.00,2023-03-17 16:00:00+00:00
1.401,1.407,1.408,1.398,10706.00,2023-03-17 15:30:00+00:00
1.403,1.401,1.412,1.396,7919.00,2023-03-17 15:00:00+00:00
1.411,1.402,1.419,1.393,21497.00,2023-03-17 14:30:00+00:00
1.424,1.412,1.433,1.411,14832.00,2023-03-17 14:00:00+00:00
1.427,1.425,1.432,1.418,11427.00,2023-03-17 13:30:00+00:00
1.436,1.428,1.438,1.420,10569.00,2023-03-17 13:00:00+00:00
1.437,1.437,1.443,1.422,30401.00,2023-03-17 12:30:00+00:00
1.453,1.436,1.456,1.435,12349.00,2023-03-17 12:00:00+00:00
1.440,1.454,1.456,1.439,9496.00,2023-03-17 11:30:00+00:00
1.444,1.442,1.449,1.436,16449.00,2023-03-17 11:00:00+00:00
1.432,1.444,1.449,1.429,20750.00,2023-03-17 10:30:00+00:00
1.420,1.432,1.438,1.418,65308.00,2023-03-17 10:00:00+00:00
1.414,1.419,1.423,1.409,10502.00,2023-03-17 09:30:00+00:00
1.407,1.413,1.415,1.407,8694.00,2023-03-17 09:00:00+00:00
1.409,1.408,1.410,1.402,4529.00,2023-03-17 08:30:00+00:00
1.408,1.410,1.413,1.405,5575.00,2023-03-17 08:00:00+00:00
1.404,1.408,1.411,1.403,5594.00,2023-03-17 07:30:00+00:00
1.418,1.405,1.420,1.402,10662.00,2023-03-17 07:00:00+00:00
1.396,1.416,1.422,1.396,22553.00,2023-03-17 06:30:00+00:00
1.394,1.397,1.405,1.394,7920.00,2023-03-17 06:00:00+00:00
1.391,1.395,1.395,1.385,5091.00,2023-03-17 05:30:00+00:00
1.392,1.391,1.394,1.388,5751.00,2023-03-17 05:00:00+00:00
1.392,1.393,1.396,1.390,4320.00,2023-03-17 04:30:00+00:00
1.393,1.393,1.400,1.390,9456.00,2023-03-17 04:00:00+00:00
1.392,1.392,1.394,1.385,4281.00,2023-03-17 03:30:00+00:00
1.384,1.393,1.393,1.383,5200.00,2023-03-17 03:00:00+00:00
1.396,1.384,1.398,1.379,12027.00,2023-03-17 02:30:00+00:00
1.385,1.395,1.400,1.379,18522.00,2023-03-17 02:00:00+00:00
1.365,1.384,1.387,1.363,30160.00,2023-03-17 01:30:00+00:00
1.347,1.367,1.369,1.343,5735.00,2023-03-17 01:00:00+00:00
1.354,1.347,1.354,1.344,4917.00,2023-03-17 00:30:00+00:00
1.358,1.354,1.360,1.352,5579.00,2023-03-17 00:00:00+00:00
1.356,1.357,1.364,1.356,4043.00,2023-03-16 23:30:00+00:00
1.358,1.357,1.360,1.353,3694.00,2023-03-16 23:00:00+00:00
1.357,1.358,1.359,1.354,5483.00,2023-03-16 22:30:00+00:00
1.359,1.357,1.363,1.355,5574.00,2023-03-16 22:00:00+00:00
1.354,1.358,1.367,1.352,5263.00,2023-03-16 21:30:00+00:00
1.345,1.355,1.355,1.344,4948.00,2023-03-16 21:00:00+00:00
1.363,1.346,1.364,1.341,8153.00,2023-03-16 20:30:00+00:00
1.365,1.362,1.365,1.359,4388.00,2023-03-16 20:00:00+00:00
1.364,1.365,1.369,1.358,6845.00,2023-03-16 19:30:00+00:00
1.355,1.367,1.373,1.354,11670.00,2023-03-16 19:00:00+00:00
1.351,1.354,1.355,1.344,4880.00,2023-03-16 18:30:00+00:00
1.350,1.352,1.353,1.345,3183.00,2023-03-16 18:00:00+00:00
1.352,1.349,1.355,1.347,4904.00,2023-03-16 17:30:00+00:00
1.357,1.350,1.359,1.348,5689.00,2023-03-16 17:00:00+00:00
1.354,1.358,1.362,1.352,5571.00,2023-03-16 16:30:00+00:00
1.361,1.356,1.365,1.352,7019.00,2023-03-16 16:00:00+00:00
1.355,1.362,1.365,1.351,5543.00,2023-03-16 15:30:00+00:00
1.359,1.355,1.360,1.349,7917.00,2023-03-16 15:00:00+00:00
1.354,1.360,1.367,1.350,12606.00,2023-03-16 14:30:00+00:00
1.354,1.353,1.356,1.342,8957.00,2023-03-16 14:00:00+00:00
1.336,1.355,1.357,1.333,12675.00,2023-03-16 13:30:00+00:00
1.348,1.337,1.351,1.329,19231.00,2023-03-16 13:00:00+00:00
1.363,1.348,1.363,1.341,14004.00,2023-03-16 12:30:00+00:00
1.363,1.362,1.364,1.351,9810.00,2023-03-16 12:00:00+00:00
1.363,1.364,1.369,1.361,7266.00,2023-03-16 11:30:00+00:00
1.367,1.364,1.369,1.358,8992.00,2023-03-16 11:00:00+00:00
1.357,1.367,1.374,1.356,134492.00,2023-03-16 10:30:00+00:00
1.355,1.356,1.362,1.347,56170.00,2023-03-16 10:00:00+00:00
1.343,1.355,1.365,1.340,27998.00,2023-03-16 09:30:00+00:00
1.354,1.343,1.355,1.338,16247.00,2023-03-16 09:00:00+00:00
1.352,1.354,1.355,1.350,3648.00,2023-03-16 08:30:00+00:00
1.354,1.350,1.359,1.349,4288.00,2023-03-16 08:00:00+00:00
1.360,1.355,1.360,1.351,6420.00,2023-03-16 07:30:00+00:00
1.348,1.359,1.360,1.347,7879.00,2023-03-16 07:00:00+00:00
1.345,1.349,1.350,1.338,4808.00,2023-03-16 06:30:00+00:00
1.342,1.344,1.350,1.339,5872.00,2023-03-16 06:00:00+00:00
1.342,1.342,1.346,1.338,5204.00,2023-03-16 05:30:00+00:00
1.331,1.342,1.344,1.326,5170.00,2023-03-16 05:00:00+00:00
1.338,1.331,1.339,1.326,5829.00,2023-03-16 04:30:00+00:00
1.340,1.338,1.343,1.330,5813.00,2023-03-16 04:00:00+00:00
1.345,1.339,1.345,1.334,4514.00,2023-03-16 03:30:00+00:00
1.349,1.343,1.351,1.338,5858.00,2023-03-16 03:00:00+00:00
1.345,1.349,1.350,1.343,3803.00,2023-03-16 02:30:00+00:00
1.337,1.344,1.348,1.333,4338.00,2023-03-16 02:00:00+00:00
1.334,1.336,1.342,1.330,9352.00,2023-03-16 01:30:00+00:00
1.325,1.335,1.340,1.324,13128.00,2023-03-16 01:00:00+00:00
1.341,1.326,1.344,1.323,12096.00,2023-03-16 00:30:00+00:00
1.337,1.342,1.349,1.332,6794.00,2023-03-16 00:00:00+00:00
1.340,1.339,1.346,1.333,7018.00,2023-03-15 23:30:00+00:00
1.337,1.342,1.345,1.335,5060.00,2023-03-15 23:00:00+00:00
1.347,1.338,1.349,1.332,13149.00,2023-03-15 22:30:00+00:00
1.346,1.347,1.357,1.343,7240.00,2023-03-15 22:00:00+00:00
1.339,1.345,1.348,1.339,3889.00,2023-03-15 21:30:00+00:00
1.344,1.340,1.347,1.339,5607.00,2023-03-15 21:00:00+00:00
1.344,1.344,1.352,1.339,5824.00,2023-03-15 20:30:00+00:00
1.342,1.342,1.344,1.335,5558.00,2023-03-15 20:00:00+00:00
1.350,1.342,1.351,1.328,10606.00,2023-03-15 19:30:00+00:00
1.348,1.351,1.352,1.337,8725.00,2023-03-15 19:00:00+00:00
1.343,1.347,1.349,1.335,12883.00,2023-03-15 18:30:00+00:00
1.337,1.342,1.346,1.327,8507.00,2023-03-15 18:00:00+00:00
1.340,1.336,1.340,1.326,9308.00,2023-03-15 17:30:00+00:00
1.326,1.341,1.343,1.318,29242.00,2023-03-15 17:00:00+00:00
1.352,1.327,1.360,1.322,47175.00,2023-03-15 16:30:00+00:00
1.364,1.352,1.366,1.343,83420.00,2023-03-15 16:00:00+00:00
1.391,1.366,1.397,1.358,85487.00,2023-03-15 15:30:00+00:00
1.411,1.390,1.414,1.390,21834.00,2023-03-15 15:00:00+00:00
1.423,1.411,1.427,1.390,70036.00,2023-03-15 14:30:00+00:00
1.425,1.424,1.441,1.421,19333.00,2023-03-15 14:00:00+00:00
1.444,1.428,1.448,1.425,23471.00,2023-03-15 13:30:00+00:00
1.434,1.444,1.455,1.428,20058.00,2023-03-15 13:00:00+00:00
1.424,1.433,1.452,1.412,78846.00,2023-03-15 12:30:00+00:00
1.430,1.422,1.432,1.413,8047.00,2023-03-15 12:00:00+00:00
1.409,1.430,1.432,1.405,15328.00,2023-03-15 11:30:00+00:00
1.427,1.410,1.428,1.404,32751.00,2023-03-15 11:00:00+00:00
1.428,1.426,1.438,1.425,7505.00,2023-03-15 10:30:00+00:00
1.434,1.427,1.445,1.427,18576.00,2023-03-15 10:00:00+00:00
1.445,1.435,1.449,1.434,21405.00,2023-03-15 09:30:00+00:00
1.452,1.444,1.455,1.443,5502.00,2023-03-15 09:00:00+00:00
1.454,1.454,1.457,1.448,7804.00,2023-03-15 08:30:00+00:00
1.457,1.454,1.460,1.451,6147.00,2023-03-15 08:00:00+00:00
1.451,1.459,1.460,1.447,6289.00,2023-03-15 07:30:00+00:00
1.450,1.450,1.455,1.443,6519.00,2023-03-15 07:00:00+00:00
1.448,1.450,1.454,1.441,6696.00,2023-03-15 06:30:00+00:00
1.449,1.448,1.450,1.440,4668.00,2023-03-15 06:00:00+00:00
1.455,1.449,1.456,1.446,5184.00,2023-03-15 05:30:00+00:00
1.453,1.455,1.460,1.451,4919.00,2023-03-15 05:00:00+00:00
1.453,1.453,1.455,1.447,5499.00,2023-03-15 04:30:00+00:00
1.450,1.454,1.454,1.444,5050.00,2023-03-15 04:00:00+00:00
1.447,1.450,1.453,1.445,4707.00,2023-03-15 03:30:00+00:00
1.459,1.448,1.461,1.447,6647.00,2023-03-15 03:00:00+00:00
1.462,1.459,1.463,1.455,4145.00,2023-03-15 02:30:00+00:00
1.457,1.462,1.465,1.455,4182.00,2023-03-15 02:00:00+00:00
1.461,1.458,1.468,1.454,11477.00,2023-03-15 01:30:00+00:00
1.453,1.461,1.465,1.448,8311.00,2023-03-15 01:00:00+00:00
1.435,1.453,1.454,1.433,10916.00,2023-03-15 00:30:00+00:00
1.452,1.434,1.459,1.433,9390.00,2023-03-15 00:00:00+00:00
1.452,1.454,1.456,1.445,7486.00,2023-03-14 23:30:00+00:00
1.448,1.452,1.453,1.443,4697.00,2023-03-14 23:00:00+00:00
1.436,1.447,1.449,1.433,6016.00,2023-03-14 22:30:00+00:00
1.436,1.437,1.446,1.427,7542.00,2023-03-14 22:00:00+00:00
1.431,1.438,1.440,1.427,7058.00,2023-03-14 21:30:00+00:00
1.447,1.431,1.449,1.408,33650.00,2023-03-14 21:00:00+00:00
1.459,1.447,1.462,1.441,9479.00,2023-03-14 20:30:00+00:00
1.467,1.459,1.471,1.455,12351.00,2023-03-14 20:00:00+00:00
1.445,1.466,1.472,1.438,18968.00,2023-03-14 19:30:00+00:00
1.468,1.446,1.482,1.431,53704.00,2023-03-14 19:00:00+00:00
1.497,1.469,1.500,1.466,14743.00,2023-03-14 18:30:00+00:00
1.502,1.496,1.503,1.479,18574.00,2023-03-14 18:00:00+00:00
1.502,1.501,1.506,1.495,13583.00,2023-03-14 17:30:00+00:00
1.503,1.501,1.507,1.493,11639.00,2023-03-14 17:00:00+00:00
1.490,1.504,1.505,1.490,9517.00,2023-03-14 16:30:00+00:00
1.507,1.493,1.519,1.490,12374.00,2023-03-14 16:00:00+00:00
1.496,1.506,1.510,1.496,7923.00,2023-03-14 15:30:00+00:00
1.491,1.495,1.523,1.486,42871.00,2023-03-14 15:00:00+00:00
1.487,1.491,1.503,1.481,14476.00,2023-03-14 14:30:00+00:00
1.480,1.488,1.488,1.462,27167.00,2023-03-14 14:00:00+00:00
1.462,1.479,1.491,1.457,41140.00,2023-03-14 13:30:00+00:00
1.473,1.461,1.494,1.452,82402.00,2023-03-14 13:00:00+00:00
1.398,1.473,1.477,1.394,182995.00,2023-03-14 12:30:00+00:00
1.400,1.401,1.404,1.393,10289.00,2023-03-14 12:00:00+00:00
1.393,1.400,1.404,1.392,8398.00,2023-03-14 11:30:00+00:00
1.401,1.393,1.405,1.393,8357.00,2023-03-14 11:00:00+00:00
1.392,1.400,1.402,1.390,11565.00,2023-03-14 10:30:00+00:00
1.385,1.391,1.394,1.384,4884.00,2023-03-14 10:00:00+00:00
1.381,1.386,1.389,1.377,4400.00,2023-03-14 09:30:00+00:00
1.388,1.381,1.388,1.378,5632.00,2023-03-14 09:00:00+00:00
1.387,1.387,1.392,1.384,5191.00,2023-03-14 08:30:00+00:00
1.390,1.388,1.394,1.374,10677.00,2023-03-14 08:00:00+00:00
1.396,1.392,1.399,1.384,8286.00,2023-03-14 07:30:00+00:00
1.400,1.396,1.407,1.395,3710.00,2023-03-14 07:00:00+00:00
1.407,1.401,1.407,1.396,7293.00,2023-03-14 06:30:00+00:00
1.403,1.406,1.409,1.398,4897.00,2023-03-14 06:00:00+00:00
1.400,1.403,1.409,1.394,5431.00,2023-03-14 05:30:00+00:00
1.406,1.400,1.423,1.391,10738.00,2023-03-14 05:00:00+00:00
1.404,1.406,1.407,1.401,3390.00,2023-03-14 04:30:00+00:00
1.405,1.404,1.407,1.401,3026.00,2023-03-14 04:00:00+00:00
1.401,1.406,1.406,1.400,3479.00,2023-03-14 03:30:00+00:00
1.401,1.400,1.405,1.397,2946.00,2023-03-14 03:00:00+00:00
1.401,1.400,1.408,1.400,3390.00,2023-03-14 02:30:00+00:00
1.405,1.401,1.415,1.400,5270.00,2023-03-14 02:00:00+00:00
1.405,1.405,1.410,1.401,5538.00,2023-03-14 01:30:00+00:00
1.401,1.405,1.406,1.396,5769.00,2023-03-14 01:00:00+00:00
1.405,1.401,1.415,1.398,8198.00,2023-03-14 00:30:00+00:00
1.408,1.406,1.411,1.397,6840.00,2023-03-14 00:00:00+00:00
1.402,1.408,1.411,1.399,8208.00,2023-03-13 23:30:00+00:00
1.420,1.401,1.423,1.395,7204.00,2023-03-13 23:00:00+00:00
1.420,1.421,1.423,1.413,4393.00,2023-03-13 22:30:00+00:00
1.410,1.421,1.422,1.410,33945.00,2023-03-13 22:00:00+00:00
1.414,1.411,1.415,1.406,13111.00,2023-03-13 21:30:00+00:00
1.411,1.413,1.420,1.411,5431.00,2023-03-13 21:00:00+00:00
1.411,1.411,1.415,1.407,12455.00,2023-03-13 20:30:00+00:00
1.414,1.409,1.419,1.405,6915.00,2023-03-13 20:00:00+00:00
1.412,1.415,1.420,1.410,5748.00,2023-03-13 19:30:00+00:00
1.411,1.411,1.424,1.409,12350.00,2023-03-13 19:00:00+00:00
1.404,1.413,1.415,1.403,10779.00,2023-03-13 18:30:00+00:00
1.399,1.404,1.407,1.393,6195.00,2023-03-13 18:00:00+00:00
1.393,1.400,1.401,1.391,31018.00,2023-03-13 17:30:00+00:00
1.395,1.393,1.396,1.386,16752.00,2023-03-13 17:00:00+00:00
1.391,1.395,1.400,1.382,48644.00,2023-03-13 16:30:00+00:00
1.393,1.390,1.409,1.388,60632.00,2023-03-13 16:00:00+00:00
1.415,1.393,1.421,1.386,30978.00,2023-03-13 15:30:00+00:00
1.377,1.415,1.418,1.377,48115.00,2023-03-13 15:00:00+00:00
1.369,1.378,1.382,1.357,54757.00,2023-03-13 14:30:00+00:00
1.320,1.368,1.380,1.316,62052.00,2023-03-13 14:00:00+00:00
1.319,1.321,1.326,1.308,23033.00,2023-03-13 13:30:00+00:00
1.307,1.319,1.332,1.306,26030.00,2023-03-13 13:00:00+00:00
1.307,1.307,1.311,1.296,10300.00,2023-03-13 12:30:00+00:00
1.310,1.308,1.312,1.300,8594.00,2023-03-13 12:00:00+00:00
1.307,1.310,1.313,1.300,8008.00,2023-03-13 11:30:00+00:00
1.313,1.307,1.317,1.306,11991.00,2023-03-13 11:00:00+00:00
1.307,1.312,1.316,1.304,11510.00,2023-03-13 10:30:00+00:00
1.303,1.307,1.309,1.291,22387.00,2023-03-13 10:00:00+00:00
1.319,1.304,1.321,1.298,30893.00,2023-03-13 09:30:00+00:00
1.330,1.320,1.337,1.319,13769.00,2023-03-13 09:00:00+00:00
1.344,1.329,1.346,1.328,24894.00,2023-03-13 08:30:00+00:00
1.348,1.343,1.351,1.341,6118.00,2023-03-13 08:00:00+00:00
1.345,1.349,1.351,1.342,11617.00,2023-03-13 07:30:00+00:00
1.346,1.344,1.351,1.342,6956.00,2023-03-13 07:00:00+00:00
1.343,1.345,1.346,1.339,6390.00,2023-03-13 06:30:00+00:00
1.345,1.344,1.350,1.337,8463.00,2023-03-13 06:00:00+00:00
1.344,1.343,1.348,1.342,5974.00,2023-03-13 05:30:00+00:00
1.344,1.344,1.349,1.341,8931.00,2023-03-13 05:00:00+00:00
1.347,1.343,1.350,1.340,5758.00,2023-03-13 04:30:00+00:00
1.336,1.348,1.350,1.336,8896.00,2023-03-13 04:00:00+00:00
1.338,1.336,1.344,1.333,5720.00,2023-03-13 03:30:00+00:00
1.338,1.338,1.344,1.330,14392.00,2023-03-13 03:00:00+00:00
1.336,1.338,1.344,1.328,12790.00,2023-03-13 02:30:00+00:00
1.344,1.335,1.347,1.333,9103.00,2023-03-13 02:00:00+00:00
1.343,1.344,1.349,1.339,20806.00,2023-03-13 01:30:00+00:00
1.346,1.343,1.350,1.337,17477.00,2023-03-13 01:00:00+00:00
1.341,1.347,1.358,1.335,38312.00,2023-03-13 00:30:00+00:00
1.330,1.341,1.342,1.324,32711.00,2023-03-13 00:00:00+00:00
1.320,1.331,1.337,1.318,50080.00,2023-03-12 23:30:00+00:00
1.303,1.320,1.323,1.303,37509.00,2023-03-12 23:00:00+00:00
1.305,1.303,1.310,1.298,28771.00,2023-03-12 22:30:00+00:00
1.277,1.305,1.315,1.264,73824.00,2023-03-12 22:00:00+00:00
1.266,1.278,1.280,1.263,12264.00,2023-03-12 21:30:00+00:00
1.265,1.266,1.271,1.262,12318.00,2023-03-12 21:00:00+00:00
1.251,1.267,1.270,1.251,19196.00,2023-03-12 20:30:00+00:00
1.240,1.251,1.252,1.239,8338.00,2023-03-12 20:00:00+00:00
1.244,1.241,1.248,1.238,9237.00,2023-03-12 19:30:00+00:00
1.250,1.244,1.259,1.243,25107.00,2023-03-12 19:00:00+00:00
1.241,1.250,1.261,1.238,38115.00,2023-03-12 18:30:00+00:00
1.234,1.241,1.246,1.229,20034.00,2023-03-12 18:00:00+00:00
1.222,1.233,1.239,1.221,45443.00,2023-03-12 17:30:00+00:00
1.203,1.223,1.227,1.198,41393.00,2023-03-12 17:00:00+00:00
1.201,1.203,1.208,1.196,5921.00,2023-03-12 16:30:00+00:00
1.199,1.201,1.202,1.197,4914.00,2023-03-12 16:00:00+00:00
1.202,1.198,1.202,1.195,8630.00,2023-03-12 15:30:00+00:00
1.201,1.202,1.205,1.193,12532.00,2023-03-12 15:00:00+00:00
1.206,1.201,1.208,1.199,9381.00,2023-03-12 14:30:00+00:00
1.208,1.205,1.213,1.203,13917.00,2023-03-12 14:00:00+00:00
1.213,1.209,1.216,1.208,6573.00,2023-03-12 13:30:00+00:00
1.211,1.215,1.218,1.209,9583.00,2023-03-12 13:00:00+00:00
1.211,1.211,1.213,1.206,15805.00,2023-03-12 12:30:00+00:00
1.217,1.211,1.217,1.206,17992.00,2023-03-12 12:00:00+00:00
1.223,1.216,1.223,1.215,3878.00,2023-03-12 11:30:00+00:00
1.218,1.222,1.226,1.218,9233.00,2023-03-12 11:00:00+00:00
1.219,1.219,1.221,1.216,6119.00,2023-03-12 10:30:00+00:00
1.212,1.218,1.219,1.209,12428.00,2023-03-12 10:00:00+00:00
1.215,1.213,1.218,1.212,3970.00,2023-03-12 09:30:00+00:00
1.214,1.217,1.218,1.213,3937.00,2023-03-12 09:00:00+00:00
1.213,1.214,1.217,1.209,5514.00,2023-03-12 08:30:00+00:00
1.208,1.212,1.215,1.205,4948.00,2023-03-12 08:00:00+00:00
1.211,1.208,1.212,1.204,3414.00,2023-03-12 07:30:00+00:00
1.207,1.210,1.212,1.207,4832.00,2023-03-12 07:00:00+00:00
1.212,1.208,1.214,1.206,2675.00,2023-03-12 06:30:00+00:00
1.211,1.213,1.216,1.211,5102.00,2023-03-12 06:00:00+00:00
1.216,1.212,1.219,1.209,3200.00,2023-03-12 05:30:00+00:00
1.212,1.216,1.220,1.212,4603.00,2023-03-12 05:00:00+00:00
1.208,1.212,1.217,1.208,3570.00,2023-03-12 04:30:00+00:00
1.213,1.209,1.216,1.208,3489.00,2023-03-12 04:00:00+00:00
1.211,1.212,1.216,1.209,2825.00,2023-03-12 03:30:00+00:00
1.212,1.212,1.222,1.211,9067.00,2023-03-12 03:00:00+00:00
1.203,1.212,1.214,1.200,7572.00,2023-03-12 02:30:00+00:00
1.207,1.202,1.209,1.201,2785.00,2023-03-12 02:00:00+00:00
1.211,1.207,1.213,1.205,3077.00,2023-03-12 01:30:00+00:00
1.205,1.211,1.216,1.204,6208.00,2023-03-12 01:00:00+00:00
1.203,1.204,1.207,1.200,3649.00,2023-03-12 00:30:00+00:00
1.209,1.202,1.211,1.200,6316.00,2023-03-12 00:00:00+00:00
1.201,1.209,1.213,1.201,5901.00,2023-03-11 23:30:00+00:00
1.196,1.202,1.203,1.195,4749.00,2023-03-11 23:00:00+00:00
1.202,1.195,1.203,1.194,3441.00,2023-03-11 22:30:00+00:00
1.198,1.203,1.204,1.195,4254.00,2023-03-11 22:00:00+00:00
1.195,1.198,1.199,1.191,3594.00,2023-03-11 21:30:00+00:00
1.198,1.195,1.200,1.191,5955.00,2023-03-11 21:00:00+00:00
1.187,1.199,1.201,1.186,14025.00,2023-03-11 20:30:00+00:00
1.180,1.186,1.189,1.180,4733.00,2023-03-11 20:00:00+00:00
1.181,1.181,1.183,1.178,4030.00,2023-03-11 19:30:00+00:00
1.180,1.181,1.187,1.176,5505.00,2023-03-11 19:00:00+00:00
1.186,1.180,1.189,1.179,4659.00,2023-03-11 18:30:00+00:00
1.182,1.187,1.189,1.180,8480.00,2023-03-11 18:00:00+00:00
1.178,1.183,1.189,1.178,13712.00,2023-03-11 17:30:00+00:00
1.172,1.177,1.179,1.169,11999.00,2023-03-11 17:00:00+00:00
1.163,1.171,1.173,1.162,5734.00,2023-03-11 16:30:00+00:00
1.168,1.162,1.173,1.161,2095126.00,2023-03-11 16:00:00+00:00
1.175,1.169,1.176,1.163,3127278.00,2023-03-11 15:30:00+00:00
1.176,1.176,1.178,1.169,7937.00,2023-03-11 15:00:00+00:00
1.181,1.175,1.185,1.174,4502.00,2023-03-11 14:30:00+00:00
1.175,1.182,1.183,1.174,10135.00,2023-03-11 14:00:00+00:00
1.183,1.176,1.183,1.174,3610.00,2023-03-11 13:30:00+00:00
1.176,1.183,1.187,1.175,7115.00,2023-03-11 13:00:00+00:00
1.182,1.176,1.183,1.174,3190.00,2023-03-11 12:30:00+00:00
1.173,1.182,1.183,1.173,4189.00,2023-03-11 12:00:00+00:00
1.177,1.173,1.178,1.166,1163050.00,2023-03-11 11:30:00+00:00
1.174,1.176,1.178,1.170,4494.00,2023-03-11 11:00:00+00:00
1.183,1.174,1.183,1.172,4309.00,2023-03-11 10:30:00+00:00
1.182,1.184,1.185,1.177,3678.00,2023-03-11 10:00:00+00:00
1.179,1.182,1.184,1.171,7366.00,2023-03-11 09:30:00+00:00
1.176,1.180,1.187,1.175,24694.00,2023-03-11 09:00:00+00:00
1.173,1.178,1.191,1.170,23336.00,2023-03-11 08:30:00+00:00
1.175,1.173,1.183,1.167,6036940.00,2023-03-11 08:00:00+00:00
1.213,1.177,1.214,1.173,254566.00,2023-03-11 07:30:00+00:00
1.223,1.213,1.224,1.207,24192.00,2023-03-11 07:00:00+00:00
1.233,1.223,1.233,1.220,11744.00,2023-03-11 06:30:00+00:00
1.236,1.233,1.240,1.231,8537.00,2023-03-11 06:00:00+00:00
1.237,1.234,1.239,1.232,5110.00,2023-03-11 05:30:00+00:00
1.236,1.238,1.241,1.234,3368.00,2023-03-11 05:00:00+00:00
1.236,1.236,1.240,1.235,2595.00,2023-03-11 04:30:00+00:00
1.240,1.234,1.242,1.228,9875.00,2023-03-11 04:00:00+00:00
1.246,1.240,1.249,1.239,6794.00,2023-03-11 03:30:00+00:00
1.253,1.245,1.256,1.243,6342.00,2023-03-11 03:00:00+00:00
1.254,1.254,1.259,1.252,5227.00,2023-03-11 02:30:00+00:00
1.265,1.254,1.269,1.253,9886.00,2023-03-11 02:00:00+00:00
1.245,1.265,1.269,1.244,15816.00,2023-03-11 01:30:00+00:00
1.238,1.244,1.250,1.237,6083.00,2023-03-11 01:00:00+00:00
1.242,1.239,1.245,1.235,7096.00,2023-03-11 00:30:00+00:00
1.232,1.242,1.242,1.230,5919.00,2023-03-11 00:00:00+00:00
1.234,1.232,1.240,1.229,9676.00,2023-03-10 23:30:00+00:00
1.232,1.233,1.239,1.229,8546.00,2023-03-10 23:00:00+00:00
1.228,1.233,1.235,1.224,5584.00,2023-03-10 22:30:00+00:00
1.226,1.227,1.232,1.223,6853.00,2023-03-10 22:00:00+00:00
1.220,1.226,1.227,1.213,12413.00,2023-03-10 21:30:00+00:00
1.228,1.220,1.229,1.214,4823.00,2023-03-10 21:00:00+00:00
1.230,1.228,1.231,1.220,5959.00,2023-03-10 20:30:00+00:00
1.231,1.229,1.237,1.225,7442.00,2023-03-10 20:00:00+00:00
1.219,1.231,1.233,1.219,8450.00,2023-03-10 19:30:00+00:00
1.217,1.220,1.226,1.216,7857.00,2023-03-10 19:00:00+00:00
1.221,1.216,1.226,1.213,15198.00,2023-03-10 18:30:00+00:00
1.225,1.222,1.229,1.218,4686.00,2023-03-10 18:00:00+00:00
1.219,1.223,1.235,1.219,16474.00,2023-03-10 17:30:00+00:00
1.238,1.219,1.238,1.214,22728.00,2023-03-10 17:00:00+00:00
1.246,1.237,1.254,1.232,26289.00,2023-03-10 16:30:00+00:00
1.236,1.245,1.246,1.227,27904.00,2023-03-10 16:00:00+00:00
1.224,1.236,1.238,1.223,10146.00,2023-03-10 15:30:00+00:00
1.223,1.224,1.229,1.219,17315.00,2023-03-10 15:00:00+00:00
1.237,1.223,1.239,1.210,29573.00,2023-03-10 14:30:00+00:00
1.251,1.237,1.251,1.223,24743.00,2023-03-10 14:00:00+00:00
1.222,1.251,1.257,1.221,91637.00,2023-03-10 13:30:00+00:00
1.223,1.222,1.224,1.215,20101.00,2023-03-10 13:00:00+00:00
1.222,1.223,1.227,1.213,10779.00,2023-03-10 12:30:00+00:00
1.221,1.221,1.227,1.213,10927.00,2023-03-10 12:00:00+00:00
1.210,1.221,1.223,1.207,7822.00,2023-03-10 11:30:00+00:00
1.204,1.210,1.213,1.204,6134.00,2023-03-10 11:00:00+00:00
1.210,1.205,1.218,1.199,39612.00,2023-03-10 10:30:00+00:00
1.217,1.210,1.226,1.208,18076.00,2023-03-10 10:00:00+00:00
1.236,1.219,1.238,1.218,35811.00,2023-03-10 09:30:00+00:00
1.242,1.236,1.243,1.233,5625.00,2023-03-10 09:00:00+00:00
1.245,1.242,1.246,1.233,8999.00,2023-03-10 08:30:00+00:00
1.250,1.245,1.253,1.242,4799.00,2023-03-10 08:00:00+00:00
1.247,1.250,1.256,1.245,8159.00,2023-03-10 07:30:00+00:00
1.239,1.246,1.247,1.231,12900.00,2023-03-10 07:00:00+00:00
1.249,1.239,1.253,1.236,8190.00,2023-03-10 06:30:00+00:00
1.255,1.249,1.259,1.248,4215.00,2023-03-10 06:00:00+00:00
1.252,1.254,1.259,1.251,4764.00,2023-03-10 05:30:00+00:00
1.248,1.252,1.254,1.247,5791.00,2023-03-10 05:00:00+00:00
1.248,1.248,1.251,1.243,6494.00,2023-03-10 04:30:00+00:00
1.255,1.247,1.257,1.246,7678.00,2023-03-10 04:00:00+00:00
1.254,1.255,1.259,1.252,8352.00,2023-03-10 03:30:00+00:00
1.252,1.253,1.257,1.250,4054.00,2023-03-10 03:00:00+00:00
1.255,1.252,1.259,1.252,4862.00,2023-03-10 02:30:00+00:00
1.261,1.255,1.265,1.255,4682.00,2023-03-10 02:00:00+00:00
1.254,1.262,1.266,1.253,9738.00,2023-03-10 01:30:00+00:00
1.257,1.254,1.259,1.236,54201.00,2023-03-10 01:00:00+00:00
1.261,1.257,1.263,1.252,5303.00,2023-03-10 00:30:00+00:00
1.272,1.261,1.272,1.253,25002.00,2023-03-10 00:00:00+00:00
1.268,1.271,1.273,1.263,9909.00,2023-03-09 23:30:00+00:00
1.262,1.267,1.269,1.257,8870.00,2023-03-09 23:00:00+00:00
1.268,1.261,1.272,1.259,9866.00,2023-03-09 22:30:00+00:00
1.261,1.269,1.275,1.259,18523.00,2023-03-09 22:00:00+00:00
1.274,1.261,1.275,1.258,21274.00,2023-03-09 21:30:00+00:00
1.253,1.274,1.277,1.251,79496.00,2023-03-09 21:00:00+00:00
1.292,1.253,1.301,1.248,157806.00,2023-03-09 20:30:00+00:00
1.314,1.292,1.315,1.283,62040.00,2023-03-09 20:00:00+00:00
1.320,1.314,1.322,1.306,34268.00,2023-03-09 19:30:00+00:00
1.338,1.320,1.338,1.316,78023.00,2023-03-09 19:00:00+00:00
1.353,1.339,1.353,1.334,43058.00,2023-03-09 18:30:00+00:00
1.362,1.353,1.363,1.352,14690.00,2023-03-09 18:00:00+00:00
1.362,1.362,1.364,1.356,7230.00,2023-03-09 17:30:00+00:00
1.359,1.362,1.364,1.354,9989.00,2023-03-09 17:00:00+00:00
1.368,1.359,1.370,1.356,29074.00,2023-03-09 16:30:00+00:00
1.373,1.370,1.377,1.368,8930.00,2023-03-09 16:00:00+00:00
1.377,1.373,1.382,1.372,6070.00,2023-03-09 15:30:00+00:00
1.382,1.378,1.389,1.374,9218.00,2023-03-09 15:00:00+00:00
1.388,1.383,1.392,1.382,7536.00,2023-03-09 14:30:00+00:00
1.377,1.388,1.393,1.377,26335.00,2023-03-09 14:00:00+00:00
1.362,1.377,1.380,1.361,21553.00,2023-03-09 13:30:00+00:00
1.361,1.362,1.365,1.357,6387.00,2023-03-09 13:00:00+00:00
1.363,1.361,1.366,1.360,4350.00,2023-03-09 12:30:00+00:00
1.368,1.363,1.370,1.360,5828.00,2023-03-09 12:00:00+00:00
1.364,1.368,1.370,1.363,4479.00,2023-03-09 11:30:00+00:00
1.362,1.364,1.368,1.360,9026.00,2023-03-09 11:00:00+00:00
1.359,1.363,1.364,1.352,10366.00,2023-03-09 10:30:00+00:00
1.361,1.358,1.363,1.355,6112.00,2023-03-09 10:00:00+00:00
1.362,1.360,1.364,1.354,12427.00,2023-03-09 09:30:00+00:00
1.366,1.362,1.369,1.358,6867.00,2023-03-09 09:00:00+00:00
1.361,1.365,1.366,1.353,9434.00,2023-03-09 08:30:00+00:00
1.359,1.362,1.364,1.356,4863.00,2023-03-09 08:00:00+00:00
1.366,1.358,1.369,1.356,8370.00,2023-03-09 07:30:00+00:00
1.370,1.365,1.371,1.363,8050.00,2023-03-09 07:00:00+00:00
1.369,1.369,1.371,1.364,4339.00,2023-03-09 06:30:00+00:00
1.368,1.369,1.371,1.366,2929.00,2023-03-09 06:00:00+00:00
1.373,1.368,1.375,1.367,4615.00,2023-03-09 05:30:00+00:00
1.371,1.374,1.375,1.369,3859.00,2023-03-09 05:00:00+00:00
1.371,1.372,1.375,1.371,3345.00,2023-03-09 04:30:00+00:00
1.377,1.371,1.379,1.371,3167.00,2023-03-09 04:00:00+00:00
1.377,1.377,1.380,1.374,2888.00,2023-03-09 03:30:00+00:00
1.376,1.377,1.380,1.373,3076.00,2023-03-09 03:00:00+00:00
1.381,1.376,1.381,1.375,3035.00,2023-03-09 02:30:00+00:00
1.367,1.381,1.381,1.367,4610.00,2023-03-09 02:00:00+00:00
1.366,1.366,1.371,1.364,4343.00,2023-03-09 01:30:00+00:00
1.362,1.366,1.369,1.355,6936.00,2023-03-09 01:00:00+00:00
1.371,1.363,1.371,1.358,7348.00,2023-03-09 00:30:00+00:00
1.364,1.371,1.372,1.359,6730.00,2023-03-09 00:00:00+00:00
1.370,1.365,1.374,1.363,6155.00,2023-03-08 23:30:00+00:00
1.373,1.370,1.378,1.362,23391.00,2023-03-08 23:00:00+00:00
1.387,1.372,1.390,1.360,30922.00,2023-03-08 22:30:00+00:00
1.396,1.389,1.397,1.385,7030.00,2023-03-08 22:00:00+00:00
1.411,1.396,1.412,1.388,7706.00,2023-03-08 21:30:00+00:00
1.411,1.411,1.415,1.409,11005.00,2023-03-08 21:00:00+00:00
1.403,1.410,1.413,1.402,4309.00,2023-03-08 20:30:00+00:00
1.403,1.403,1.405,1.399,5033.00,2023-03-08 20:00:00+00:00
1.404,1.405,1.409,1.403,4817.00,2023-03-08 19:30:00+00:00
1.403,1.404,1.405,1.400,4058.00,2023-03-08 19:00:00+00:00
1.401,1.402,1.405,1.395,8822.00,2023-03-08 18:30:00+00:00
1.412,1.401,1.413,1.398,7163.00,2023-03-08 18:00:00+00:00
1.416,1.411,1.418,1.411,3255.00,2023-03-08 17:30:00+00:00
1.422,1.416,1.423,1.415,3431.00,2023-03-08 17:00:00+00:00
1.418,1.421,1.426,1.413,5790.00,2023-03-08 16:30:00+00:00
1.427,1.419,1.433,1.417,18093.00,2023-03-08 16:00:00+00:00
1.420,1.426,1.432,1.418,7810.00,2023-03-08 15:30:00+00:00
1.404,1.420,1.425,1.397,26615.00,2023-03-08 15:00:00+00:00
1.407,1.404,1.414,1.402,6951.00,2023-03-08 14:30:00+00:00
1.419,1.407,1.421,1.402,23470.00,2023-03-08 14:00:00+00:00
1.431,1.420,1.435,1.414,19934.00,2023-03-08 13:30:00+00:00
1.435,1.431,1.438,1.429,5567.00,2023-03-08 13:00:00+00:00
1.438,1.434,1.441,1.432,6065.00,2023-03-08 12:30:00+00:00
1.441,1.438,1.445,1.437,4053.00,2023-03-08 12:00:00+00:00
1.445,1.442,1.445,1.439,6622.00,2023-03-08 11:30:00+00:00
1.445,1.444,1.447,1.440,3032.00,2023-03-08 11:00:00+00:00
1.437,1.445,1.446,1.436,3790.00,2023-03-08 10:30:00+00:00
1.437,1.436,1.439,1.433,2632.00,2023-03-08 10:00:00+00:00
1.433,1.437,1.438,1.431,3517.00,2023-03-08 09:30:00+00:00
1.434,1.432,1.438,1.432,3285.00,2023-03-08 09:00:00+00:00
1.434,1.434,1.438,1.433,4144.00,2023-03-08 08:30:00+00:00
1.429,1.433,1.436,1.427,3672.00,2023-03-08 08:00:00+00:00
1.435,1.429,1.438,1.427,7500.00,2023-03-08 07:30:00+00:00
1.442,1.434,1.444,1.432,3256.00,2023-03-08 07:00:00+00:00
1.442,1.443,1.444,1.437,3111.00,2023-03-08 06:30:00+00:00
1.438,1.441,1.442,1.434,4296.00,2023-03-08 06:00:00+00:00
1.447,1.437,1.451,1.431,13408.00,2023-03-08 05:30:00+00:00
1.460,1.448,1.461,1.448,3115.00,2023-03-08 05:00:00+00:00
1.459,1.459,1.462,1.457,2088.00,2023-03-08 04:30:00+00:00
1.458,1.460,1.462,1.458,2271.00,2023-03-08 04:00:00+00:00
1.456,1.458,1.461,1.455,2440.00,2023-03-08 03:30:00+00:00
1.461,1.457,1.465,1.456,2548.00,2023-03-08 03:00:00+00:00
1.463,1.462,1.466,1.460,2540.00,2023-03-08 02:30:00+00:00
1.461,1.463,1.466,1.461,2812.00,2023-03-08 02:00:00+00:00
1.466,1.462,1.471,1.460,4300.00,2023-03-08 01:30:00+00:00
1.467,1.466,1.470,1.463,2801.00,2023-03-08 01:00:00+00:00
1.465,1.467,1.469,1.464,3128.00,2023-03-08 00:30:00+00:00
1.464,1.464,1.472,1.463,7743.00,2023-03-08 00:00:00+00:00
1.462,1.465,1.466,1.460,7277.00,2023-03-07 23:30:00+00:00
1.455,1.461,1.463,1.452,6272.00,2023-03-07 23:00:00+00:00
1.447,1.454,1.456,1.447,3102.00,2023-03-07 22:30:00+00:00
1.449,1.447,1.450,1.436,7783.00,2023-03-07 22:00:00+00:00
1.448,1.449,1.454,1.447,6333.00,2023-03-07 21:30:00+00:00
1.453,1.447,1.454,1.442,5626.00,2023-03-07 21:00:00+00:00
1.452,1.452,1.459,1.451,5878.00,2023-03-07 20:30:00+00:00
1.460,1.452,1.463,1.449,7358.00,2023-03-07 20:00:00+00:00
1.464,1.461,1.467,1.456,5421.00,2023-03-07 19:30:00+00:00
1.465,1.465,1.469,1.462,4832.00,2023-03-07 19:00:00+00:00
1.471,1.465,1.474,1.461,4188.00,2023-03-07 18:30:00+00:00
1.474,1.472,1.477,1.470,4910.00,2023-03-07 18:00:00+00:00
1.471,1.475,1.478,1.469,8155.00,2023-03-07 17:30:00+00:00
1.462,1.472,1.475,1.462,9262.00,2023-03-07 17:00:00+00:00
1.461,1.463,1.469,1.457,10676.00,2023-03-07 16:30:00+00:00
1.473,1.461,1.478,1.461,10533.00,2023-03-07 16:00:00+00:00
1.465,1.473,1.488,1.465,24141.00,2023-03-07 15:30:00+00:00
1.469,1.464,1.480,1.440,89131.00,2023-03-07 15:00:00+00:00
1.477,1.470,1.477,1.467,8423.00,2023-03-07 14:30:00+00:00
1.475,1.476,1.478,1.468,9762.00,2023-03-07 14:00:00+00:00
1.480,1.475,1.482,1.474,4279.00,2023-03-07 13:30:00+00:00
1.485,1.481,1.487,1.479,4048.00,2023-03-07 13:00:00+00:00
1.483,1.486,1.486,1.477,4907.00,2023-03-07 12:30:00+00:00
1.476,1.483,1.485,1.474,6332.00,2023-03-07 12:00:00+00:00
1.484,1.476,1.487,1.476,6809.00,2023-03-07 11:30:00+00:00
1.482,1.484,1.486,1.479,6461.00,2023-03-07 11:00:00+00:00
1.495,1.483,1.496,1.479,14310.00,2023-03-07 10:30:00+00:00
1.491,1.495,1.499,1.490,4071.00,2023-03-07 10:00:00+00:00
1.497,1.492,1.498,1.489,15065.00,2023-03-07 09:30:00+00:00
1.504,1.499,1.506,1.496,6365.00,2023-03-07 09:00:00+00:00
1.506,1.504,1.507,1.501,4251.00,2023-03-07 08:30:00+00:00
1.501,1.507,1.508,1.501,7084.00,2023-03-07 08:00:00+00:00
1.505,1.502,1.508,1.501,2937.00,2023-03-07 07:30:00+00:00
1.508,1.506,1.511,1.504,3854.00,2023-03-07 07:00:00+00:00
1.506,1.507,1.509,1.506,2842.00,2023-03-07 06:30:00+00:00
1.509,1.507,1.511,1.506,3339.00,2023-03-07 06:00:00+00:00
1.508,1.510,1.511,1.507,3513.00,2023-03-07 05:30:00+00:00
1.508,1.509,1.509,1.506,2950.00,2023-03-07 05:00:00+00:00
1.506,1.507,1.508,1.503,6631.00,2023-03-07 04:30:00+00:00
1.505,1.505,1.507,1.503,3541.00,2023-03-07 04:00:00+00:00
1.505,1.504,1.507,1.502,4172.00,2023-03-07 03:30:00+00:00
1.507,1.506,1.514,1.504,4522.00,2023-03-07 03:00:00+00:00
1.509,1.508,1.516,1.506,10521.00,2023-03-07 02:30:00+00:00
1.508,1.509,1.511,1.506,4519.00,2023-03-07 02:00:00+00:00
1.505,1.508,1.510,1.502,6211.00,2023-03-07 01:30:00+00:00
1.497,1.505,1.509,1.496,7506.00,2023-03-07 01:00:00+00:00
1.488,1.496,1.497,1.488,11006.00,2023-03-07 00:30:00+00:00
1.495,1.488,1.498,1.485,6878.00,2023-03-07 00:00:00+00:00
1.494,1.494,1.499,1.492,4705.00,2023-03-06 23:30:00+00:00
1.493,1.494,1.497,1.490,6417.00,2023-03-06 23:00:00+00:00
1.491,1.492,1.495,1.490,8848.00,2023-03-06 22:30:00+00:00
1.491,1.490,1.494,1.490,4694.00,2023-03-06 22:00:00+00:00
1.487,1.490,1.494,1.485,9117.00,2023-03-06 21:30:00+00:00
1.482,1.487,1.487,1.481,4941.00,2023-03-06 21:00:00+00:00
1.482,1.483,1.487,1.482,6109.00,2023-03-06 20:30:00+00:00
1.486,1.482,1.488,1.477,54007.00,2023-03-06 20:00:00+00:00
1.491,1.486,1.492,1.481,35061.00,2023-03-06 19:30:00+00:00
1.497,1.490,1.499,1.485,37121.00,2023-03-06 19:00:00+00:00
1.499,1.497,1.501,1.494,35100.00,2023-03-06 18:30:00+00:00
1.498,1.500,1.500,1.495,96746.00,2023-03-06 18:00:00+00:00
1.498,1.498,1.501,1.495,27335.00,2023-03-06 17:30:00+00:00
1.498,1.499,1.500,1.494,35448.00,2023-03-06 17:00:00+00:00
1.495,1.499,1.501,1.495,29271.00,2023-03-06 16:30:00+00:00
1.499,1.496,1.505,1.495,41406.00,2023-03-06 16:00:00+00:00
1.490,1.499,1.505,1.485,80900.00,2023-03-06 15:30:00+00:00
1.493,1.490,1.495,1.490,7729.00,2023-03-06 15:00:00+00:00
1.491,1.492,1.496,1.486,45359.00,2023-03-06 14:30:00+00:00
1.489,1.489,1.492,1.484,6501.00,2023-03-06 14:00:00+00:00
1.487,1.489,1.492,1.484,12690.00,2023-03-06 13:30:00+00:00
1.480,1.486,1.488,1.480,14566.00,2023-03-06 13:00:00+00:00
1.472,1.479,1.482,1.472,10069.00,2023-03-06 12:30:00+00:00
1.469,1.472,1.473,1.464,6462.00,2023-03-06 12:00:00+00:00
1.474,1.468,1.474,1.467,5347.00,2023-03-06 11:30:00+00:00
1.475,1.473,1.476,1.470,3815.00,2023-03-06 11:00:00+00:00
1.472,1.475,1.476,1.469,4253.00,2023-03-06 10:30:00+00:00
1.474,1.471,1.478,1.470,10636.00,2023-03-06 10:00:00+00:00
1.474,1.474,1.479,1.472,10131.00,2023-03-06 09:30:00+00:00
1.477,1.475,1.478,1.471,4307.00,2023-03-06 09:00:00+00:00
1.474,1.477,1.480,1.471,5986.00,2023-03-06 08:30:00+00:00
1.472,1.474,1.474,1.464,8694.00,2023-03-06 08:00:00+00:00
1.478,1.472,1.479,1.471,3944.00,2023-03-06 07:30:00+00:00
1.474,1.477,1.478,1.471,4438.00,2023-03-06 07:00:00+00:00
1.472,1.474,1.474,1.470,4800.00,2023-03-06 06:30:00+00:00
1.467,1.472,1.473,1.466,4420.00,2023-03-06 06:00:00+00:00
1.461,1.468,1.468,1.459,3167.00,2023-03-06 05:30:00+00:00
1.465,1.461,1.466,1.460,3371.00,2023-03-06 05:00:00+00:00
1.470,1.466,1.470,1.463,5500.00,2023-03-06 04:30:00+00:00
1.471,1.470,1.474,1.466,6548.00,2023-03-06 04:00:00+00:00
1.469,1.471,1.473,1.467,8914.00,2023-03-06 03:30:00+00:00
1.461,1.469,1.469,1.459,3589.00,2023-03-06 03:00:00+00:00
1.453,1.460,1.464,1.451,8245.00,2023-03-06 02:30:00+00:00
1.465,1.455,1.465,1.450,35686.00,2023-03-06 02:00:00+00:00
1.477,1.466,1.477,1.462,18118.00,2023-03-06 01:30:00+00:00
1.482,1.476,1.484,1.462,49874.00,2023-03-06 01:00:00+00:00
1.481,1.481,1.486,1.480,4285.00,2023-03-06 00:30:00+00:00
1.478,1.480,1.481,1.470,27830.00,2023-03-06 00:00:00+00:00
1.474,1.478,1.480,1.472,26115.00,2023-03-05 23:30:00+00:00
1.487,1.473,1.487,1.471,143021.00,2023-03-05 23:00:00+00:00
1.487,1.487,1.489,1.484,3529.00,2023-03-05 22:30:00+00:00
1.494,1.486,1.495,1.486,5772.00,2023-03-05 22:00:00+00:00
1.497,1.494,1.499,1.482,9896.00,2023-03-05 21:30:00+00:00
1.492,1.498,1.502,1.490,10684.00,2023-03-05 21:00:00+00:00
1.490,1.492,1.494,1.488,11890.00,2023-03-05 20:30:00+00:00
1.488,1.491,1.494,1.486,4140.00,2023-03-05 20:00:00+00:00
1.486,1.488,1.490,1.485,4637.00,2023-03-05 19:30:00+00:00
1.490,1.486,1.493,1.486,3646.00,2023-03-05 19:00:00+00:00
1.490,1.490,1.492,1.488,3963.00,2023-03-05 18:30:00+00:00
1.489,1.490,1.491,1.486,4636.00,2023-03-05 18:00:00+00:00
1.491,1.490,1.494,1.488,3924.00,2023-03-05 17:30:00+00:00
1.492,1.491,1.494,1.490,3157.00,2023-03-05 17:00:00+00:00
1.492,1.491,1.494,1.490,3172.00,2023-03-05 16:30:00+00:00
1.492,1.493,1.495,1.491,3883.00,2023-03-05 16:00:00+00:00
1.494,1.491,1.496,1.490,3130.00,2023-03-05 15:30:00+00:00
1.493,1.495,1.495,1.490,12257.00,2023-03-05 15:00:00+00:00
1.491,1.493,1.494,1.486,9760.00,2023-03-05 14:30:00+00:00
1.491,1.491,1.492,1.488,3808.00,2023-03-05 14:00:00+00:00
1.493,1.490,1.494,1.488,7049.00,2023-03-05 13:30:00+00:00
1.490,1.493,1.495,1.490,6175.00,2023-03-05 13:00:00+00:00
1.487,1.490,1.491,1.482,23144.00,2023-03-05 12:30:00+00:00
1.487,1.488,1.490,1.486,5681.00,2023-03-05 12:00:00+00:00
1.489,1.487,1.489,1.485,40737.00,2023-03-05 11:30:00+00:00
1.488,1.489,1.490,1.487,66466.00,2023-03-05 11:00:00+00:00
1.489,1.488,1.492,1.486,4530.00,2023-03-05 10:30:00+00:00
1.487,1.489,1.494,1.485,5363.00,2023-03-05 10:00:00+00:00
1.484,1.487,1.489,1.484,3189.00,2023-03-05 09:30:00+00:00
1.477,1.484,1.487,1.475,3567.00,2023-03-05 09:00:00+00:00
1.484,1.478,1.484,1.475,4937.00,2023-03-05 08:30:00+00:00
1.481,1.483,1.485,1.481,7202.00,2023-03-05 08:00:00+00:00
1.483,1.482,1.484,1.480,2824.00,2023-03-05 07:30:00+00:00
1.483,1.482,1.484,1.480,3993.00,2023-03-05 07:00:00+00:00
1.481,1.484,1.484,1.480,3120.00,2023-03-05 06:30:00+00:00
1.484,1.481,1.485,1.481,3789.00,2023-03-05 06:00:00+00:00
1.485,1.484,1.485,1.481,4332.00,2023-03-05 05:30:00+00:00
1.488,1.485,1.489,1.483,2939.00,2023-03-05 05:00:00+00:00
1.487,1.489,1.491,1.485,2964.00,2023-03-05 04:30:00+00:00
1.482,1.487,1.489,1.480,9150.00,2023-03-05 04:00:00+00:00
1.483,1.482,1.485,1.481,5493.00,2023-03-05 03:30:00+00:00
1.476,1.483,1.484,1.476,5971.00,2023-03-05 03:00:00+00:00
1.482,1.475,1.485,1.453,38514.00,2023-03-05 02:30:00+00:00
1.493,1.482,1.499,1.482,12481.00,2023-03-05 02:00:00+00:00
1.489,1.492,1.495,1.488,11548.00,2023-03-05 01:30:00+00:00
1.471,1.489,1.493,1.469,38185.00,2023-03-05 01:00:00+00:00
1.460,1.471,1.471,1.460,5717.00,2023-03-05 00:30:00+00:00
1.463,1.461,1.467,1.459,5473.00,2023-03-05 00:00:00+00:00
1.458,1.464,1.465,1.457,3981.00,2023-03-04 23:30:00+00:00
1.456,1.458,1.462,1.456,3897.00,2023-03-04 23:00:00+00:00
1.457,1.456,1.464,1.453,8411.00,2023-03-04 22:30:00+00:00
1.446,1.456,1.462,1.441,12179.00,2023-03-04 22:00:00+00:00
1.453,1.445,1.453,1.437,41768.00,2023-03-04 21:30:00+00:00
1.457,1.453,1.457,1.442,10041.00,2023-03-04 21:00:00+00:00
1.463,1.455,1.466,1.440,86751.00,2023-03-04 20:30:00+00:00
1.467,1.463,1.469,1.454,22113.00,2023-03-04 20:00:00+00:00
1.475,1.467,1.475,1.458,26666.00,2023-03-04 19:30:00+00:00
1.482,1.475,1.482,1.473,3479.00,2023-03-04 19:00:00+00:00
1.477,1.482,1.483,1.476,6565.00,2023-03-04 18:30:00+00:00
1.478,1.477,1.479,1.467,10165.00,2023-03-04 18:00:00+00:00
1.481,1.478,1.482,1.477,4302.00,2023-03-04 17:30:00+00:00
1.479,1.480,1.482,1.477,2700.00,2023-03-04 17:00:00+00:00
1.479,1.479,1.481,1.477,3279.00,2023-03-04 16:30:00+00:00
1.480,1.480,1.482,1.476,4350.00,2023-03-04 16:00:00+00:00
1.488,1.479,1.490,1.476,5088.00,2023-03-04 15:30:00+00:00
1.488,1.489,1.490,1.485,2803.00,2023-03-04 15:00:00+00:00
1.490,1.487,1.492,1.485,5257.00,2023-03-04 14:30:00+00:00
1.491,1.492,1.493,1.488,2360.00,2023-03-04 14:00:00+00:00
1.492,1.491,1.494,1.489,3468.00,2023-03-04 13:30:00+00:00
1.496,1.491,1.497,1.490,3127.00,2023-03-04 13:00:00+00:00
1.491,1.496,1.497,1.489,4725.00,2023-03-04 12:30:00+00:00
1.494,1.491,1.495,1.491,2635.00,2023-03-04 12:00:00+00:00
1.494,1.494,1.496,1.490,3502.00,2023-03-04 11:30:00+00:00
1.488,1.494,1.496,1.487,4526.00,2023-03-04 11:00:00+00:00
1.492,1.488,1.492,1.486,5035.00,2023-03-04 10:30:00+00:00
1.491,1.491,1.494,1.490,5746.00,2023-03-04 10:00:00+00:00
1.494,1.492,1.497,1.490,3902.00,2023-03-04 09:30:00+00:00
1.494,1.494,1.497,1.492,2499.00,2023-03-04 09:00:00+00:00
1.493,1.493,1.494,1.492,3200.00,2023-03-04 08:30:00+00:00
1.497,1.493,1.499,1.491,6784.00,2023-03-04 08:00:00+00:00
1.498,1.497,1.499,1.495,3320.00,2023-03-04 07:30:00+00:00
1.501,1.497,1.503,1.497,2596.00,2023-03-04 07:00:00+00:00
1.500,1.502,1.504,1.499,4345.00,2023-03-04 06:30:00+00:00
1.496,1.500,1.501,1.493,3662.00,2023-03-04 06:00:00+00:00
1.508,1.496,1.509,1.481,108824.00,2023-03-04 05:30:00+00:00
1.505,1.508,1.511,1.504,4245.00,2023-03-04 05:00:00+00:00
1.500,1.505,1.506,1.499,3525.00,2023-03-04 04:30:00+00:00
1.502,1.501,1.505,1.499,2625.00,2023-03-04 04:00:00+00:00
1.506,1.502,1.507,1.500,3382.00,2023-03-04 03:30:00+00:00
1.506,1.506,1.507,1.504,2386.00,2023-03-04 03:00:00+00:00
1.511,1.506,1.511,1.504,2943.00,2023-03-04 02:30:00+00:00
1.507,1.511,1.512,1.506,2286.00,2023-03-04 02:00:00+00:00
1.510,1.507,1.512,1.505,3453.00,2023-03-04 01:30:00+00:00
1.511,1.510,1.517,1.509,3053.00,2023-03-04 01:00:00+00:00
1.515,1.511,1.517,1.508,5203.00,2023-03-04 00:30:00+00:00
1.507,1.515,1.516,1.507,5719.00,2023-03-04 00:00:00+00:00
1.508,1.507,1.510,1.504,4877.00,2023-03-03 23:30:00+00:00
1.506,1.507,1.511,1.505,6200.00,2023-03-03 23:00:00+00:00
1.498,1.506,1.508,1.497,3568.00,2023-03-03 22:30:00+00:00
1.494,1.497,1.498,1.493,3415.00,2023-03-03 22:00:00+00:00
1.499,1.494,1.502,1.490,5041.00,2023-03-03 21:30:00+00:00
1.497,1.499,1.500,1.484,5674.00,2023-03-03 21:00:00+00:00
1.502,1.499,1.503,1.496,3470.00,2023-03-03 20:30:00+00:00
1.504,1.503,1.507,1.500,3621.00,2023-03-03 20:00:00+00:00
1.497,1.505,1.507,1.496,4039.00,2023-03-03 19:30:00+00:00
1.498,1.497,1.501,1.495,3451.00,2023-03-03 19:00:00+00:00
1.505,1.498,1.506,1.493,8686.00,2023-03-03 18:30:00+00:00
1.508,1.506,1.512,1.505,3475.00,2023-03-03 18:00:00+00:00
1.511,1.509,1.512,1.508,4033.00,2023-03-03 17:30:00+00:00
1.509,1.511,1.512,1.507,5066.00,2023-03-03 17:00:00+00:00
1.507,1.508,1.509,1.503,4231.00,2023-03-03 16:30:00+00:00
1.508,1.506,1.510,1.504,5342.00,2023-03-03 16:00:00+00:00
1.509,1.508,1.512,1.505,5688.00,2023-03-03 15:30:00+00:00
1.511,1.509,1.514,1.502,6185.00,2023-03-03 15:00:00+00:00
1.517,1.511,1.518,1.510,6121.00,2023-03-03 14:30:00+00:00
1.514,1.518,1.521,1.509,6842.00,2023-03-03 14:00:00+00:00
1.510,1.513,1.519,1.493,28496.00,2023-03-03 13:30:00+00:00
1.504,1.510,1.511,1.499,4927.00,2023-03-03 13:00:00+00:00
1.508,1.504,1.508,1.503,6967.00,2023-03-03 12:30:00+00:00
1.512,1.507,1.516,1.505,5937.00,2023-03-03 12:00:00+00:00
1.510,1.513,1.514,1.506,5329.00,2023-03-03 11:30:00+00:00
1.507,1.510,1.512,1.505,4633.00,2023-03-03 11:00:00+00:00
1.507,1.507,1.509,1.505,3845.00,2023-03-03 10:30:00+00:00
1.504,1.506,1.511,1.504,4194.00,2023-03-03 10:00:00+00:00
1.509,1.504,1.512,1.504,3833.00,2023-03-03 09:30:00+00:00
1.510,1.510,1.516,1.507,4975.00,2023-03-03 09:00:00+00:00
1.505,1.510,1.513,1.504,3858.00,2023-03-03 08:30:00+00:00
1.506,1.505,1.509,1.503,4428.00,2023-03-03 08:00:00+00:00
1.509,1.506,1.512,1.506,3669.00,2023-03-03 07:30:00+00:00
1.506,1.508,1.509,1.502,4755.00,2023-03-03 07:00:00+00:00
1.509,1.505,1.511,1.502,5622.00,2023-03-03 06:30:00+00:00
1.506,1.511,1.512,1.503,4138.00,2023-03-03 06:00:00+00:00
1.509,1.506,1.511,1.504,9274.00,2023-03-03 05:30:00+00:00
1.508,1.509,1.514,1.503,8105.00,2023-03-03 05:00:00+00:00
1.499,1.509,1.510,1.499,8438.00,2023-03-03 04:30:00+00:00
1.496,1.499,1.501,1.492,5296.00,2023-03-03 04:00:00+00:00
1.497,1.496,1.501,1.493,7583.00,2023-03-03 03:30:00+00:00
1.483,1.495,1.497,1.482,9750.00,2023-03-03 03:00:00+00:00
1.469,1.483,1.484,1.457,8796.00,2023-03-03 02:30:00+00:00
1.474,1.470,1.482,1.463,13354.00,2023-03-03 02:00:00+00:00
1.537,1.475,1.539,1.466,76286.00,2023-03-03 01:30:00+00:00
1.624,1.539,1.625,1.505,77710.00,2023-03-03 01:00:00+00:00
1.624,1.625,1.629,1.618,35698.00,2023-03-03 00:30:00+00:00
1.633,1.624,1.636,1.624,3560.00,2023-03-03 00:00:00+00:00
1.635,1.632,1.635,1.630,178690.00,2023-03-02 23:30:00+00:00
1.633,1.635,1.637,1.631,20995.00,2023-03-02 23:00:00+00:00
1.637,1.634,1.638,1.630,29320.00,2023-03-02 22:30:00+00:00
1.628,1.636,1.638,1.626,31165.00,2023-03-02 22:00:00+00:00
1.628,1.628,1.633,1.624,13504.00,2023-03-02 21:30:00+00:00
1.627,1.628,1.630,1.626,14851.00,2023-03-02 21:00:00+00:00
1.628,1.627,1.635,1.625,16433.00,2023-03-02 20:30:00+00:00
1.629,1.627,1.631,1.624,3768.00,2023-03-02 20:00:00+00:00
1.634,1.629,1.636,1.625,4622.00,2023-03-02 19:30:00+00:00
1.629,1.635,1.637,1.623,8436.00,2023-03-02 19:00:00+00:00
1.613,1.629,1.630,1.612,4540.00,2023-03-02 18:30:00+00:00
1.614,1.614,1.617,1.611,3069.00,2023-03-02 18:00:00+00:00
1.617,1.614,1.619,1.609,4001.00,2023-03-02 17:30:00+00:00
1.615,1.617,1.619,1.609,5603.00,2023-03-02 17:00:00+00:00
1.621,1.613,1.622,1.608,9900.00,2023-03-02 16:30:00+00:00
1.627,1.621,1.630,1.620,4721.00,2023-03-02 16:00:00+00:00
1.619,1.627,1.628,1.617,5980.00,2023-03-02 15:30:00+00:00
1.614,1.619,1.634,1.613,8818.00,2023-03-02 15:00:00+00:00
1.607,1.615,1.618,1.605,8175.00,2023-03-02 14:30:00+00:00
1.607,1.607,1.613,1.600,9727.00,2023-03-02 14:00:00+00:00
1.616,1.608,1.621,1.606,8461.00,2023-03-02 13:30:00+00:00
1.614,1.616,1.621,1.609,5709.00,2023-03-02 13:00:00+00:00
1.618,1.614,1.622,1.611,11459.00,2023-03-02 12:30:00+00:00
1.627,1.617,1.630,1.617,9838.00,2023-03-02 12:00:00+00:00
1.627,1.627,1.632,1.623,4277.00,2023-03-02 11:30:00+00:00
1.626,1.627,1.629,1.622,4565.00,2023-03-02 11:00:00+00:00
1.630,1.626,1.633,1.621,4406.00,2023-03-02 10:30:00+00:00
1.624,1.630,1.633,1.623,5650.00,2023-03-02 10:00:00+00:00
1.635,1.624,1.638,1.624,4001.00,2023-03-02 09:30:00+00:00
1.637,1.635,1.638,1.628,8535.00,2023-03-02 09:00:00+00:00
1.632,1.637,1.639,1.624,5386.00,2023-03-02 08:30:00+00:00
1.634,1.632,1.636,1.629,3657.00,2023-03-02 08:00:00+00:00
1.638,1.635,1.641,1.632,4673.00,2023-03-02 07:30:00+00:00
1.632,1.640,1.641,1.626,4349.00,2023-03-02 07:00:00+00:00
1.641,1.633,1.641,1.631,5132.00,2023-03-02 06:30:00+00:00
1.643,1.640,1.645,1.629,5633.00,2023-03-02 06:00:00+00:00
1.652,1.644,1.654,1.638,8629.00,2023-03-02 05:30:00+00:00
1.659,1.652,1.660,1.651,2972.00,2023-03-02 05:00:00+00:00
1.647,1.659,1.660,1.647,4164.00,2023-03-02 04:30:00+00:00
1.651,1.647,1.656,1.647,3066.00,2023-03-02 04:00:00+00:00
1.649,1.651,1.653,1.647,3076.00,2023-03-02 03:30:00+00:00
1.651,1.649,1.655,1.642,4723.00,2023-03-02 03:00:00+00:00
1.653,1.651,1.656,1.639,8024.00,2023-03-02 02:30:00+00:00
1.653,1.653,1.656,1.650,3533.00,2023-03-02 02:00:00+00:00
1.663,1.654,1.668,1.646,11121.00,2023-03-02 01:30:00+00:00
1.669,1.664,1.675,1.663,10805.00,2023-03-02 01:00:00+00:00
1.687,1.669,1.689,1.668,7466.00,2023-03-02 00:30:00+00:00
1.682,1.687,1.697,1.678,23001.00,2023-03-02 00:00:00+00:00
1.666,1.681,1.683,1.664,9961.00,2023-03-01 23:30:00+00:00
1.659,1.665,1.665,1.658,8122.00,2023-03-01 23:00:00+00:00
1.658,1.659,1.661,1.653,4174.00,2023-03-01 22:30:00+00:00
1.659,1.657,1.663,1.656,6482.00,2023-03-01 22:00:00+00:00
1.654,1.659,1.663,1.653,4997.00,2023-03-01 21:30:00+00:00
1.647,1.655,1.655,1.647,3357.00,2023-03-01 21:00:00+00:00
1.646,1.648,1.653,1.644,4253.00,2023-03-01 20:30:00+00:00
1.640,1.647,1.650,1.636,6163.00,2023-03-01 20:00:00+00:00
1.658,1.639,1.658,1.633,10052.00,2023-03-01 19:30:00+00:00
1.655,1.658,1.659,1.652,4248.00,2023-03-01 19:00:00+00:00
1.653,1.656,1.657,1.650,4141.00,2023-03-01 18:30:00+00:00
1.654,1.653,1.659,1.652,3421.00,2023-03-01 18:00:00+00:00
1.655,1.655,1.662,1.654,5046.00,2023-03-01 17:30:00+00:00
1.658,1.654,1.662,1.654,5129.00,2023-03-01 17:00:00+00:00
1.654,1.658,1.663,1.651,5299.00,2023-03-01 16:30:00+00:00
1.668,1.653,1.669,1.649,11111.00,2023-03-01 16:00:00+00:00
1.667,1.668,1.673,1.663,10942.00,2023-03-01 15:30:00+00:00
1.664,1.666,1.673,1.656,19676.00,2023-03-01 15:00:00+00:00
1.663,1.662,1.681,1.657,15411.00,2023-03-01 14:30:00+00:00
1.660,1.663,1.666,1.658,6665.00,2023-03-01 14:00:00+00:00
1.659,1.661,1.664,1.654,8750.00,2023-03-01 13:30:00+00:00
1.665,1.659,1.668,1.657,11835.00,2023-03-01 13:00:00+00:00
1.671,1.666,1.675,1.663,7665.00,2023-03-01 12:30:00+00:00
1.670,1.671,1.671,1.662,6072.00,2023-03-01 12:00:00+00:00
1.678,1.670,1.678,1.661,29992.00,2023-03-01 11:30:00+00:00
1.668,1.677,1.684,1.664,27987.00,2023-03-01 11:00:00+00:00
1.643,1.669,1.673,1.642,128329.00,2023-03-01 10:30:00+00:00
1.644,1.645,1.648,1.635,24901.00,2023-03-01 10:00:00+00:00
1.644,1.644,1.650,1.642,7524.00,2023-03-01 09:30:00+00:00
1.648,1.644,1.649,1.640,10712.00,2023-03-01 09:00:00+00:00
1.629,1.647,1.656,1.629,104572.00,2023-03-01 08:30:00+00:00
1.626,1.630,1.633,1.622,73111.00,2023-03-01 08:00:00+00:00
1.626,1.627,1.627,1.622,15546.00,2023-03-01 07:30:00+00:00
1.626,1.626,1.629,1.621,6828.00,2023-03-01 07:00:00+00:00
1.615,1.626,1.632,1.614,14098.00,2023-03-01 06:30:00+00:00
1.610,1.616,1.617,1.610,4543.00,2023-03-01 06:00:00+00:00
1.609,1.611,1.617,1.606,5832.00,2023-03-01 05:30:00+00:00
1.616,1.608,1.618,1.605,8718.00,2023-03-01 05:00:00+00:00
1.596,1.617,1.618,1.596,8786.00,2023-03-01 04:30:00+00:00
1.595,1.596,1.598,1.593,3273.00,2023-03-01 04:00:00+00:00
1.592,1.595,1.598,1.592,3190.00,2023-03-01 03:30:00+00:00
1.585,1.592,1.595,1.583,4820.00,2023-03-01 03:00:00+00:00
1.582,1.585,1.586,1.580,3152.00,2023-03-01 02:30:00+00:00
1.577,1.582,1.583,1.576,3109.00,2023-03-01 02:00:00+00:00
1.570,1.577,1.581,1.570,4625.00,2023-03-01 01:30:00+00:00
1.563,1.569,1.575,1.563,8203.00,2023-03-01 01:00:00+00:00
1.571,1.563,1.575,1.558,4580.00,2023-03-01 00:30:00+00:00
1.568,1.571,1.575,1.561,5793.00,2023-03-01 00:00:00+00:00
